Employee #,Date,Time In,Time Out
1,01/09/2022,8:00,17:00
1,02/09/2022,8:00,17:00
1,05/09/2022,8:00,17:00
1,06/09/2022,8:00,17:00
1,07/09/2022,8:00,17:00
1,08/09/2022,8:00,17:00
1,09/09/2022,8:00,17:00
1,12/09/2022,8:00,17:00
1,09/13/2022,8:00,17:00
1,09/14/2022,8:00,17:00
1,09/15/2022,8:00,17:00
1,09/16/2022,8:00,17:00
1,09/19/2022,8:00,17:00
1,09/20/2022,8:00,17:00
1,09/21/2022,8:00,17:00
1,09/22/2022,8:00,17:00
1,09/23/2022,8:00,17:00
1,09/26/2022,8:00,17:00
1,09/27/2022,8:00,17:00
1,09/28/2022,8:00,17:00
1,09/29/2022,8:00,17:00
1,09/30/2022,8:00,17:00
1,03/10/2022,8:00,17:00
1,04/10/2022,8:00,17:00
1,05/10/2022,8:00,17:00
1,06/10/2022,8:00,17:00
1,07/10/2022,8:00,17:00
1,10/10/2022,8:00,17:00
1,11/10/2022,8:00,17:00
1,12/10/2022,8:00,17:00
1,10/13/2022,8:00,17:00
1,10/14/2022,8:00,17:00
1,10/17/2022,8:00,17:00
1,10/18/2022,8:00,17:00
1,10/19/2022,8:00,17:00
1,10/20/2022,8:00,17:00
1,10/21/2022,8:00,17:00
1,10/24/2022,8:00,17:00
1,10/25/2022,8:00,17:00
1,10/26/2022,8:00,17:00
1,10/27/2022,8:00,17:00
1,10/28/2022,8:00,17:00
1,10/31/2022,8:00,17:00
1,01/11/2022,0:00,0:00
1,02/11/2022,8:00,17:00
1,03/11/2022,8:00,17:00
1,04/11/2022,8:00,17:00
1,07/11/2022,8:00,17:00
1,08/11/2022,8:00,17:00
1,09/11/2022,8:00,17:00
1,10/11/2022,8:00,17:00
1,11/11/2022,8:00,17:00
1,11/14/2022,8:00,17:00
1,11/15/2022,8:00,17:00
1,11/16/2022,8:00,17:00
1,11/17/2022,8:00,17:00
1,11/18/2022,8:00,17:00
1,11/21/2022,8:00,17:00
1,11/22/2022,8:00,17:00
1,11/23/2022,8:00,17:00
1,11/24/2022,8:00,17:00
1,11/25/2022,8:00,17:00
1,11/28/2022,8:00,17:00
1,11/29/2022,8:00,17:00
1,11/30/2022,0:00,0:00
1,01/12/2022,8:00,17:00
1,02/12/2022,8:00,17:00
1,05/12/2022,8:00,17:00
1,06/12/2022,8:00,17:00
1,07/12/2022,8:00,17:00
1,08/12/2022,0:00,0:00
1,09/12/2022,8:00,17:00
1,12/12/2022,8:00,17:00
1,12/13/2022,8:00,17:00
1,12/14/2022,8:00,17:00
1,12/15/2022,8:00,17:00
1,12/16/2022,8:00,17:00
1,12/19/2022,8:00,17:00
1,12/20/2022,8:00,17:00
1,12/21/2022,8:00,17:00
1,12/22/2022,8:00,17:00
1,12/23/2022,8:00,17:00
1,12/26/2022,8:00,17:00
1,12/27/2022,8:00,17:00
1,12/28/2022,8:00,17:00
1,12/29/2022,8:00,17:00
1,12/30/2022,0:00,0:00
2,01/09/2022,8:00,17:00
2,02/09/2022,8:00,17:00
2,05/09/2022,8:00,17:00
2,06/09/2022,8:00,17:00
2,07/09/2022,8:00,17:00
2,08/09/2022,8:00,17:00
2,09/09/2022,8:00,17:00
2,12/09/2022,8:00,17:00
2,09/13/2022,8:00,17:00
2,09/14/2022,8:00,17:00
2,09/15/2022,8:00,17:00
2,09/16/2022,8:00,17:00
2,09/19/2022,8:00,17:00
2,09/20/2022,8:00,17:00
2,09/21/2022,8:00,17:00
2,09/22/2022,8:00,17:00
2,09/23/2022,8:00,17:00
2,09/26/2022,8:00,17:00
2,09/27/2022,8:00,17:00
2,09/28/2022,8:00,17:00
2,09/29/2022,8:00,17:00
2,09/30/2022,8:00,17:00
2,03/10/2022,8:00,17:00
2,04/10/2022,8:00,17:00
2,05/10/2022,8:00,17:00
2,06/10/2022,8:00,17:00
2,07/10/2022,8:00,17:00
2,10/10/2022,8:00,17:00
2,11/10/2022,8:00,17:00
2,12/10/2022,8:00,17:00
2,10/13/2022,8:00,17:00
2,10/14/2022,8:00,17:00
2,10/17/2022,8:00,17:00
2,10/18/2022,8:00,17:00
2,10/19/2022,8:00,17:00
2,10/20/2022,8:00,17:00
2,10/21/2022,8:00,17:00
2,10/24/2022,8:00,17:00
2,10/25/2022,8:00,17:00
2,10/26/2022,8:00,17:00
2,10/27/2022,8:00,17:00
2,10/28/2022,8:00,17:00
2,10/31/2022,8:00,17:00
2,01/11/2022,0:00,0:00
2,02/11/2022,8:00,17:00
2,03/11/2022,8:00,17:00
2,04/11/2022,8:00,17:00
2,07/11/2022,8:00,17:00
2,08/11/2022,8:00,17:00
2,09/11/2022,8:00,17:00
2,10/11/2022,8:00,17:00
2,11/11/2022,8:00,17:00
2,11/14/2022,8:00,17:00
2,11/15/2022,8:00,17:00
2,11/16/2022,8:00,17:00
2,11/17/2022,8:00,17:00
2,11/18/2022,8:00,17:00
2,11/21/2022,8:00,17:00
2,11/22/2022,8:00,17:00
2,11/23/2022,8:00,17:00
2,11/24/2022,8:00,17:00
2,11/25/2022,8:00,17:00
2,11/28/2022,8:00,17:00
2,11/29/2022,8:00,17:00
2,11/30/2022,0:00,0:00
2,01/12/2022,8:00,17:00
2,02/12/2022,8:00,17:00
2,05/12/2022,8:00,17:00
2,06/12/2022,8:00,17:00
2,07/12/2022,8:00,17:00
2,08/12/2022,0:00,0:00
2,09/12/2022,8:00,17:00
2,12/12/2022,8:00,17:00
2,12/13/2022,8:00,17:00
2,12/14/2022,8:00,17:00
2,12/15/2022,0:00,0:00
2,12/16/2022,0:00,0:00
2,12/19/2022,0:00,0:00
2,12/20/2022,0:00,0:00
2,12/21/2022,0:00,0:00
2,12/22/2022,0:00,0:00
2,12/23/2022,0:00,0:00
2,12/26/2022,0:00,0:00
2,12/27/2022,0:00,0:00
2,12/28/2022,0:00,0:00
2,12/29/2022,0:00,0:00
2,12/30/2022,0:00,0:00
3,01/09/2022,8:00,17:00
3,02/09/2022,8:00,17:00
3,05/09/2022,8:00,17:00
3,06/09/2022,11:30,17:00
3,07/09/2022,8:00,17:00
3,08/09/2022,8:00,17:00
3,09/09/2022,8:00,17:00
3,12/09/2022,8:00,17:00
3,09/13/2022,8:00,17:00
3,09/14/2022,8:00,17:00
3,09/15/2022,11:30,17:00
3,09/16/2022,8:00,17:00
3,09/19/2022,8:00,17:00
3,09/20/2022,8:00,17:00
3,09/21/2022,8:00,17:00
3,09/22/2022,8:00,17:00
3,09/23/2022,8:00,17:00
3,09/26/2022,11:30,17:00
3,09/27/2022,8:00,17:00
3,09/28/2022,8:00,17:00
3,09/29/2022,8:00,17:00
3,09/30/2022,8:00,17:00
3,03/10/2022,8:00,17:00
3,04/10/2022,8:00,17:00
3,05/10/2022,11:30,17:00
3,06/10/2022,8:00,17:00
3,07/10/2022,8:00,17:00
3,10/10/2022,8:00,17:00
3,11/10/2022,8:00,17:00
3,12/10/2022,8:00,17:00
3,10/13/2022,8:00,17:00
3,10/14/2022,11:30,17:00
3,10/17/2022,8:00,17:00
3,10/18/2022,8:00,17:00
3,10/19/2022,8:00,17:00
3,10/20/2022,8:00,17:00
3,10/21/2022,8:00,17:00
3,10/24/2022,8:00,17:00
3,10/25/2022,11:30,17:00
3,10/26/2022,8:00,17:00
3,10/27/2022,8:00,17:00
3,10/28/2022,8:00,17:00
3,10/31/2022,8:00,17:00
3,01/11/2022,0:00,0:00
3,02/11/2022,8:00,17:00
3,03/11/2022,11:30,17:00
3,04/11/2022,8:00,17:00
3,07/11/2022,8:00,17:00
3,08/11/2022,8:00,17:00
3,09/11/2022,8:00,17:00
3,10/11/2022,8:00,17:00
3,11/11/2022,8:00,17:00
3,11/14/2022,11:30,17:00
3,11/15/2022,8:00,17:00
3,11/16/2022,8:00,17:00
3,11/17/2022,8:00,17:00
3,11/18/2022,8:00,17:00
3,11/21/2022,8:00,17:00
3,11/22/2022,8:00,17:00
3,11/23/2022,11:30,17:00
3,11/24/2022,8:00,17:00
3,11/25/2022,8:00,17:00
3,11/28/2022,8:00,17:00
3,11/29/2022,8:00,17:00
3,11/30/2022,0:00,0:00
3,01/12/2022,8:00,17:00
3,02/12/2022,11:30,17:00
3,05/12/2022,8:00,17:00
3,06/12/2022,8:00,17:00
3,07/12/2022,8:00,17:00
3,08/12/2022,0:00,0:00
3,09/12/2022,8:00,17:00
3,12/12/2022,8:00,17:00
3,12/13/2022,11:30,17:00
3,12/14/2022,8:00,17:00
3,12/15/2022,0:00,0:00
3,12/16/2022,0:00,0:00
3,12/19/2022,0:00,0:00
3,12/20/2022,0:00,0:00
3,12/21/2022,0:00,0:00
3,12/22/2022,0:00,0:00
3,12/23/2022,0:00,0:00
3,12/26/2022,0:00,0:00
3,12/27/2022,0:00,0:00
3,12/28/2022,0:00,0:00
3,12/29/2022,0:00,0:00
3,12/30/2022,0:00,0:00
4,01/09/2022,8:00,17:00
4,02/09/2022,8:00,17:00
4,05/09/2022,8:00,17:00
4,06/09/2022,8:00,17:00
4,07/09/2022,8:00,17:00
4,08/09/2022,8:00,17:00
4,09/09/2022,8:00,17:00
4,12/09/2022,8:00,17:00
4,09/13/2022,8:00,17:00
4,09/14/2022,8:00,17:00
4,09/15/2022,8:00,17:00
4,09/16/2022,8:00,17:00
4,09/19/2022,8:00,17:00
4,09/20/2022,8:00,17:00
4,09/21/2022,8:00,17:00
4,09/22/2022,8:00,17:00
4,09/23/2022,8:00,17:00
4,09/26/2022,8:00,17:00
4,09/27/2022,8:00,17:00
4,09/28/2022,8:00,17:00
4,09/29/2022,8:00,17:00
4,09/30/2022,8:00,17:00
4,03/10/2022,8:00,17:00
4,04/10/2022,8:00,17:00
4,05/10/2022,8:00,17:00
4,06/10/2022,8:00,17:00
4,07/10/2022,8:00,17:00
4,10/10/2022,8:00,17:00
4,11/10/2022,8:00,17:00
4,12/10/2022,8:00,17:00
4,10/13/2022,8:00,17:00
4,10/14/2022,8:00,17:00
4,10/17/2022,8:00,17:00
4,10/18/2022,8:00,17:00
4,10/19/2022,8:00,17:00
4,10/20/2022,8:00,17:00
4,10/21/2022,8:00,17:00
4,10/24/2022,8:00,17:00
4,10/25/2022,8:00,17:00
4,10/26/2022,8:00,17:00
4,10/27/2022,8:00,17:00
4,10/28/2022,8:00,17:00
4,10/31/2022,8:00,17:00
4,01/11/2022,0:00,0:00
4,02/11/2022,8:00,17:00
4,03/11/2022,8:00,17:00
4,04/11/2022,8:00,17:00
4,07/11/2022,8:00,17:00
4,08/11/2022,8:00,17:00
4,09/11/2022,8:00,17:00
4,10/11/2022,8:00,17:00
4,11/11/2022,8:00,17:00
4,11/14/2022,8:00,17:00
4,11/15/2022,8:00,17:00
4,11/16/2022,8:00,17:00
4,11/17/2022,8:00,17:00
4,11/18/2022,8:00,17:00
4,11/21/2022,8:00,17:00
4,11/22/2022,8:00,17:00
4,11/23/2022,8:00,17:00
4,11/24/2022,8:00,17:00
4,11/25/2022,8:00,17:00
4,11/28/2022,8:00,17:00
4,11/29/2022,8:00,17:00
4,11/30/2022,0:00,0:00
4,01/12/2022,8:00,17:00
4,02/12/2022,8:00,17:00
4,05/12/2022,8:00,17:00
4,06/12/2022,8:00,17:00
4,07/12/2022,8:00,17:00
4,08/12/2022,0:00,0:00
4,09/12/2022,8:00,17:00
4,12/12/2022,8:00,17:00
4,12/13/2022,8:00,17:00
4,12/14/2022,8:00,17:00
4,12/15/2022,0:00,0:00
4,12/16/2022,0:00,0:00
4,12/19/2022,0:00,0:00
4,12/20/2022,0:00,0:00
4,12/21/2022,0:00,0:00
4,12/22/2022,0:00,0:00
4,12/23/2022,0:00,0:00
4,12/26/2022,0:00,0:00
4,12/27/2022,0:00,0:00
4,12/28/2022,0:00,0:00
4,12/29/2022,0:00,0:00
4,12/30/2022,0:00,0:00
5,01/09/2022,8:00,17:00
5,02/09/2022,8:00,17:00
5,05/09/2022,8:15,17:00
5,06/09/2022,8:00,17:00
5,07/09/2022,8:00,17:00
5,08/09/2022,8:00,17:00
5,09/09/2022,8:00,17:00
5,12/09/2022,8:00,17:00
5,09/13/2022,8:00,17:00
5,09/14/2022,8:15,17:00
5,09/15/2022,8:00,17:00
5,09/16/2022,8:00,17:00
5,09/19/2022,8:00,17:00
5,09/20/2022,8:00,17:00
5,09/21/2022,8:00,17:00
5,09/22/2022,8:00,17:00
5,09/23/2022,8:15,17:00
5,09/26/2022,8:00,17:00
5,09/27/2022,8:00,17:00
5,09/28/2022,8:00,17:00
5,09/29/2022,8:00,17:00
5,09/30/2022,8:00,17:00
5,03/10/2022,8:00,17:00
5,04/10/2022,8:15,17:00
5,05/10/2022,8:00,17:00
5,06/10/2022,8:00,17:00
5,07/10/2022,8:00,17:00
5,10/10/2022,8:00,17:00
5,11/10/2022,8:00,17:00
5,12/10/2022,8:00,17:00
5,10/13/2022,8:15,17:00
5,10/14/2022,8:00,17:00
5,10/17/2022,8:00,17:00
5,10/18/2022,8:00,17:00
5,10/19/2022,8:00,17:00
5,10/20/2022,8:00,17:00
5,10/21/2022,8:00,17:00
5,10/24/2022,8:15,17:00
5,10/25/2022,8:00,17:00
5,10/26/2022,8:00,17:00
5,10/27/2022,8:00,17:00
5,10/28/2022,8:00,17:00
5,10/31/2022,8:00,17:00
5,01/11/2022,0:00,0:00
5,02/11/2022,8:15,17:00
5,03/11/2022,8:00,17:00
5,04/11/2022,8:00,17:00
5,07/11/2022,8:00,17:00
5,08/11/2022,8:00,17:00
5,09/11/2022,8:00,17:00
5,10/11/2022,8:00,17:00
5,11/11/2022,8:15,17:00
5,11/14/2022,8:00,17:00
5,11/15/2022,8:00,17:00
5,11/16/2022,8:00,17:00
5,11/17/2022,8:00,17:00
5,11/18/2022,8:00,17:00
5,11/21/2022,8:00,17:00
5,11/22/2022,8:15,17:00
5,11/23/2022,8:00,17:00
5,11/24/2022,8:00,17:00
5,11/25/2022,8:00,17:00
5,11/28/2022,8:00,17:00
5,11/29/2022,8:00,17:00
5,11/30/2022,0:00,0:00
5,01/12/2022,8:15,17:00
5,02/12/2022,8:00,17:00
5,05/12/2022,8:00,17:00
5,06/12/2022,8:00,17:00
5,07/12/2022,8:00,17:00
5,08/12/2022,0:00,0:00
5,09/12/2022,8:00,17:00
5,12/12/2022,8:15,17:00
5,12/13/2022,8:00,17:00
5,12/14/2022,8:00,17:00
5,12/15/2022,0:00,0:00
5,12/16/2022,0:00,0:00
5,12/19/2022,0:00,0:00
5,12/20/2022,0:00,0:00
5,12/21/2022,0:00,0:00
5,12/22/2022,0:00,0:00
5,12/23/2022,0:00,0:00
5,12/26/2022,0:00,0:00
5,12/27/2022,0:00,0:00
5,12/28/2022,0:00,0:00
5,12/29/2022,0:00,0:00
5,12/30/2022,0:00,0:00
6,01/09/2022,8:00,17:00
6,02/09/2022,8:00,17:00
6,05/09/2022,8:00,17:00
6,06/09/2022,8:00,17:00
6,07/09/2022,8:00,17:00
6,08/09/2022,8:00,17:00
6,09/09/2022,8:00,17:00
6,12/09/2022,8:00,17:00
6,09/13/2022,8:00,17:00
6,09/14/2022,8:00,17:00
6,09/15/2022,8:00,17:00
6,09/16/2022,8:00,17:00
6,09/19/2022,8:00,17:00
6,09/20/2022,8:00,17:00
6,09/21/2022,8:00,17:00
6,09/22/2022,8:00,17:00
6,09/23/2022,8:00,17:00
6,09/26/2022,8:00,17:00
6,09/27/2022,8:00,17:00
6,09/28/2022,8:00,17:00
6,09/29/2022,8:00,17:00
6,09/30/2022,8:00,17:00
6,03/10/2022,8:00,17:00
6,04/10/2022,8:00,17:00
6,05/10/2022,8:00,17:00
6,06/10/2022,8:00,17:00
6,07/10/2022,8:00,17:00
6,10/10/2022,8:00,17:00
6,11/10/2022,8:00,17:00
6,12/10/2022,8:00,17:00
6,10/13/2022,8:00,17:00
6,10/14/2022,8:00,17:00
6,10/17/2022,8:00,17:00
6,10/18/2022,8:00,17:00
6,10/19/2022,8:00,17:00
6,10/20/2022,8:00,17:00
6,10/21/2022,8:00,17:00
6,10/24/2022,8:00,17:00
6,10/25/2022,8:00,17:00
6,10/26/2022,8:00,17:00
6,10/27/2022,8:00,17:00
6,10/28/2022,8:00,17:00
6,10/31/2022,8:00,17:00
6,01/11/2022,0:00,0:00
6,02/11/2022,8:00,17:00
6,03/11/2022,8:00,17:00
6,04/11/2022,8:00,17:00
6,07/11/2022,8:00,17:00
6,08/11/2022,8:00,17:00
6,09/11/2022,8:00,17:00
6,10/11/2022,8:00,17:00
6,11/11/2022,8:00,17:00
6,11/14/2022,8:00,17:00
6,11/15/2022,8:00,17:00
6,11/16/2022,8:00,17:00
6,11/17/2022,8:00,17:00
6,11/18/2022,8:00,17:00
6,11/21/2022,8:00,17:00
6,11/22/2022,8:00,17:00
6,11/23/2022,8:00,17:00
6,11/24/2022,8:00,17:00
6,11/25/2022,8:00,17:00
6,11/28/2022,8:00,17:00
6,11/29/2022,8:00,17:00
6,11/30/2022,0:00,0:00
6,01/12/2022,8:00,17:00
6,02/12/2022,8:00,17:00
6,05/12/2022,8:00,17:00
6,06/12/2022,8:00,17:00
6,07/12/2022,8:00,17:00
6,08/12/2022,0:00,0:00
6,09/12/2022,8:00,17:00
6,12/12/2022,8:00,17:00
6,12/13/2022,8:00,17:00
6,12/14/2022,8:00,17:00
6,12/15/2022,0:00,0:00
6,12/16/2022,0:00,0:00
6,12/19/2022,0:00,0:00
6,12/20/2022,0:00,0:00
6,12/21/2022,0:00,0:00
6,12/22/2022,0:00,0:00
6,12/23/2022,0:00,0:00
6,12/26/2022,0:00,0:00
6,12/27/2022,0:00,0:00
6,12/28/2022,0:00,0:00
6,12/29/2022,0:00,0:00
6,12/30/2022,0:00,0:00
7,01/09/2022,8:27,17:00
7,02/09/2022,8:00,17:00
7,05/09/2022,8:00,17:00
7,06/09/2022,8:00,17:00
7,07/09/2022,8:00,17:00
7,08/09/2022,8:00,17:00
7,09/09/2022,8:00,17:00
7,12/09/2022,8:27,17:00
7,09/13/2022,8:00,17:00
7,09/14/2022,8:00,17:00
7,09/15/2022,8:00,17:00
7,09/16/2022,8:00,17:00
7,09/19/2022,8:00,17:00
7,09/20/2022,8:00,17:00
7,09/21/2022,8:27,17:00
7,09/22/2022,8:00,17:00
7,09/23/2022,8:00,17:00
7,09/26/2022,8:00,17:00
7,09/27/2022,8:00,17:00
7,09/28/2022,8:00,17:00
7,09/29/2022,8:00,17:00
7,09/30/2022,8:27,17:00
7,03/10/2022,8:00,17:00
7,04/10/2022,8:00,17:00
7,05/10/2022,8:00,17:00
7,06/10/2022,8:00,17:00
7,07/10/2022,8:00,17:00
7,10/10/2022,8:00,17:00
7,11/10/2022,8:27,17:00
7,12/10/2022,8:00,17:00
7,10/13/2022,8:00,17:00
7,10/14/2022,8:00,17:00
7,10/17/2022,8:00,17:00
7,10/18/2022,8:00,17:00
7,10/19/2022,8:00,17:00
7,10/20/2022,8:27,17:00
7,10/21/2022,8:00,17:00
7,10/24/2022,8:00,17:00
7,10/25/2022,8:00,17:00
7,10/26/2022,8:00,17:00
7,10/27/2022,8:00,17:00
7,10/28/2022,8:00,17:00
7,10/31/2022,8:27,17:00
7,01/11/2022,0:00,0:00
7,02/11/2022,8:00,17:00
7,03/11/2022,8:00,17:00
7,04/11/2022,8:00,17:00
7,07/11/2022,8:00,17:00
7,08/11/2022,8:00,17:00
7,09/11/2022,8:27,17:00
7,10/11/2022,8:00,17:00
7,11/11/2022,8:00,17:00
7,11/14/2022,8:00,17:00
7,11/15/2022,8:00,17:00
7,11/16/2022,8:00,17:00
7,11/17/2022,8:00,17:00
7,11/18/2022,8:27,17:00
7,11/21/2022,8:00,17:00
7,11/22/2022,8:00,17:00
7,11/23/2022,8:00,17:00
7,11/24/2022,8:00,17:00
7,11/25/2022,8:00,17:00
7,11/28/2022,8:00,17:00
7,11/29/2022,8:27,17:00
7,11/30/2022,0:00,0:00
7,01/12/2022,8:00,17:00
7,02/12/2022,8:00,17:00
7,05/12/2022,8:00,17:00
7,06/12/2022,8:00,17:00
7,07/12/2022,8:00,17:00
7,08/12/2022,0:00,0:00
7,09/12/2022,8:00,17:00
7,12/12/2022,8:00,17:00
7,12/13/2022,8:00,17:00
7,12/14/2022,8:00,17:00
7,12/15/2022,8:00,17:00
7,12/16/2022,8:00,17:00
7,12/19/2022,8:27,17:00
7,12/20/2022,8:00,17:00
7,12/21/2022,8:00,17:00
7,12/22/2022,8:00,17:00
7,12/23/2022,8:00,17:00
7,12/26/2022,8:00,17:00
7,12/27/2022,8:00,17:00
7,12/28/2022,8:27,17:00
7,12/29/2022,8:00,17:00
7,12/30/2022,0:00,0:00
8,01/09/2022,8:01,17:00
8,02/09/2022,8:00,17:00
8,05/09/2022,8:00,17:00
8,06/09/2022,8:10,17:00
8,07/09/2022,8:00,17:00
8,08/09/2022,8:00,17:00
8,09/09/2022,8:00,17:00
8,12/09/2022,8:01,17:00
8,09/13/2022,8:00,17:00
8,09/14/2022,8:00,17:00
8,09/15/2022,8:10,17:00
8,09/16/2022,8:00,17:00
8,09/19/2022,8:00,17:00
8,09/20/2022,8:00,17:00
8,09/21/2022,8:01,17:00
8,09/22/2022,8:00,17:00
8,09/23/2022,8:00,17:00
8,09/26/2022,8:10,17:00
8,09/27/2022,8:00,17:00
8,09/28/2022,8:00,17:00
8,09/29/2022,8:00,17:00
8,09/30/2022,8:01,17:00
8,03/10/2022,8:00,17:00
8,04/10/2022,8:00,17:00
8,05/10/2022,8:10,17:00
8,06/10/2022,8:00,17:00
8,07/10/2022,8:00,17:00
8,10/10/2022,8:00,17:00
8,11/10/2022,8:01,17:00
8,12/10/2022,8:00,17:00
8,10/13/2022,8:00,17:00
8,10/14/2022,8:10,17:00
8,10/17/2022,8:00,17:00
8,10/18/2022,8:00,17:00
8,10/19/2022,8:00,17:00
8,10/20/2022,8:01,17:00
8,10/21/2022,8:00,17:00
8,10/24/2022,8:00,17:00
8,10/25/2022,8:10,17:00
8,10/26/2022,8:00,17:00
8,10/27/2022,8:00,17:00
8,10/28/2022,8:00,17:00
8,10/31/2022,8:01,17:00
8,01/11/2022,0:00,0:00
8,02/11/2022,8:00,17:00
8,03/11/2022,8:10,17:00
8,04/11/2022,8:00,17:00
8,07/11/2022,8:00,17:00
8,08/11/2022,8:00,17:00
8,09/11/2022,8:01,17:00
8,10/11/2022,8:00,17:00
8,11/11/2022,8:00,17:00
8,11/14/2022,8:10,17:00
8,11/15/2022,8:00,17:00
8,11/16/2022,8:00,17:00
8,11/17/2022,8:00,17:00
8,11/18/2022,8:01,17:00
8,11/21/2022,8:00,17:00
8,11/22/2022,8:00,17:00
8,11/23/2022,8:10,17:00
8,11/24/2022,8:00,17:00
8,11/25/2022,8:00,17:00
8,11/28/2022,8:00,17:00
8,11/29/2022,8:01,17:00
8,11/30/2022,0:00,0:00
8,01/12/2022,8:00,17:00
8,02/12/2022,8:10,17:00
8,05/12/2022,8:00,17:00
8,06/12/2022,8:00,17:00
8,07/12/2022,8:00,17:00
8,08/12/2022,0:00,0:00
8,09/12/2022,8:00,17:00
8,12/12/2022,8:00,17:00
8,12/13/2022,8:10,17:00
8,12/14/2022,8:00,17:00
8,12/15/2022,8:00,17:00
8,12/16/2022,8:00,17:00
8,12/19/2022,8:01,17:00
8,12/20/2022,8:00,17:00
8,12/21/2022,8:00,17:00
8,12/22/2022,8:10,17:00
8,12/23/2022,8:00,17:00
8,12/26/2022,8:00,17:00
8,12/27/2022,8:00,17:00
8,12/28/2022,8:01,17:00
8,12/29/2022,8:00,17:00
8,12/30/2022,0:00,0:00
9,01/09/2022,8:05,17:00
9,02/09/2022,8:00,17:00
9,05/09/2022,8:00,17:00
9,06/09/2022,0:00,0:00
9,07/09/2022,0:00,0:00
9,08/09/2022,0:00,0:00
9,09/09/2022,0:00,0:00
9,12/09/2022,0:00,0:00
9,09/13/2022,8:00,17:00
9,09/14/2022,8:00,17:00
9,09/15/2022,8:00,17:00
9,09/16/2022,8:00,17:00
9,09/19/2022,8:00,17:00
9,09/20/2022,8:00,17:00
9,09/21/2022,8:05,17:00
9,09/22/2022,8:00,17:00
9,09/23/2022,8:00,17:00
9,09/26/2022,8:00,17:00
9,09/27/2022,8:00,17:00
9,09/28/2022,8:00,17:00
9,09/29/2022,8:00,17:00
9,09/30/2022,8:05,17:00
9,03/10/2022,8:00,17:00
9,04/10/2022,8:00,17:00
9,05/10/2022,0:00,0:00
9,06/10/2022,8:00,17:00
9,07/10/2022,8:00,17:00
9,10/10/2022,8:00,17:00
9,11/10/2022,8:05,17:00
9,12/10/2022,8:00,17:00
9,10/13/2022,8:00,17:00
9,10/14/2022,8:00,17:00
9,10/17/2022,8:00,17:00
9,10/18/2022,8:00,17:00
9,10/19/2022,8:00,17:00
9,10/20/2022,8:05,17:00
9,10/21/2022,8:00,17:00
9,10/24/2022,8:00,17:00
9,10/25/2022,8:00,17:00
9,10/26/2022,8:00,17:00
9,10/27/2022,8:00,17:00
9,10/28/2022,8:00,17:00
9,10/31/2022,8:05,17:00
9,01/11/2022,0:00,0:00
9,02/11/2022,8:00,17:00
9,03/11/2022,8:00,17:00
9,04/11/2022,8:00,17:00
9,07/11/2022,8:00,17:00
9,08/11/2022,8:00,17:00
9,09/11/2022,8:05,17:00
9,10/11/2022,8:00,17:00
9,11/11/2022,8:00,17:00
9,11/14/2022,8:00,17:00
9,11/15/2022,8:00,17:00
9,11/16/2022,8:00,17:00
9,11/17/2022,8:00,17:00
9,11/18/2022,8:05,17:00
9,11/21/2022,8:00,17:00
9,11/22/2022,8:00,17:00
9,11/23/2022,8:00,17:00
9,11/24/2022,8:00,17:00
9,11/25/2022,8:00,17:00
9,11/28/2022,8:00,17:00
9,11/29/2022,8:05,17:00
9,11/30/2022,0:00,0:00
9,01/12/2022,8:00,17:00
9,02/12/2022,8:00,17:00
9,05/12/2022,8:00,17:00
9,06/12/2022,8:00,17:00
9,07/12/2022,8:00,17:00
9,08/12/2022,0:00,0:00
9,09/12/2022,8:00,17:00
9,12/12/2022,8:00,17:00
9,12/13/2022,8:00,17:00
9,12/14/2022,8:00,17:00
9,12/15/2022,8:00,17:00
9,12/16/2022,8:00,17:00
9,12/19/2022,8:05,17:00
9,12/20/2022,8:00,17:00
9,12/21/2022,8:00,17:00
9,12/22/2022,8:00,17:00
9,12/23/2022,8:00,17:00
9,12/26/2022,8:00,17:00
9,12/27/2022,8:00,17:00
9,12/28/2022,8:05,17:00
9,12/29/2022,8:00,17:00
9,12/30/2022,0:00,0:00
10,01/09/2022,8:00,17:00
10,02/09/2022,8:00,17:00
10,05/09/2022,8:00,17:00
10,06/09/2022,8:00,17:00
10,07/09/2022,8:00,17:00
10,08/09/2022,8:00,17:00
10,09/09/2022,8:00,17:00
10,12/09/2022,8:00,17:00
10,09/13/2022,8:00,17:00
10,09/14/2022,8:00,17:00
10,09/15/2022,8:00,17:00
10,09/16/2022,8:00,17:00
10,09/19/2022,8:00,17:00
10,09/20/2022,8:00,17:00
10,09/21/2022,8:00,17:00
10,09/22/2022,8:00,17:00
10,09/23/2022,8:00,17:00
10,09/26/2022,8:00,17:00
10,09/27/2022,8:00,17:00
10,09/28/2022,8:00,17:00
10,09/29/2022,8:00,17:00
10,09/30/2022,8:00,17:00
10,03/10/2022,8:00,17:00
10,04/10/2022,8:00,17:00
10,05/10/2022,8:00,17:00
10,06/10/2022,8:00,17:00
10,07/10/2022,8:00,17:00
10,10/10/2022,8:00,17:00
10,11/10/2022,0:00,0:00
10,12/10/2022,8:00,17:00
10,10/13/2022,8:00,17:00
10,10/14/2022,8:00,17:00
10,10/17/2022,8:00,17:00
10,10/18/2022,8:00,17:00
10,10/19/2022,8:00,17:00
10,10/20/2022,8:00,17:00
10,10/21/2022,0:00,0:00
10,10/24/2022,8:00,17:00
10,10/25/2022,8:00,17:00
10,10/26/2022,8:00,17:00
10,10/27/2022,8:00,17:00
10,10/28/2022,8:00,17:00
10,10/31/2022,8:00,17:00
10,01/11/2022,0:00,0:00
10,02/11/2022,8:00,17:00
10,03/11/2022,8:00,17:00
10,04/11/2022,8:00,17:00
10,07/11/2022,8:00,17:00
10,08/11/2022,8:00,17:00
10,09/11/2022,8:00,17:00
10,10/11/2022,8:00,17:00
10,11/11/2022,8:00,17:00
10,11/14/2022,8:00,17:00
10,11/15/2022,8:00,17:00
10,11/16/2022,8:00,17:00
10,11/17/2022,8:00,17:00
10,11/18/2022,8:00,17:00
10,11/21/2022,8:00,17:00
10,11/22/2022,8:00,17:00
10,11/23/2022,8:00,17:00
10,11/24/2022,8:00,17:00
10,11/25/2022,8:00,17:00
10,11/28/2022,8:00,17:00
10,11/29/2022,8:00,17:00
10,11/30/2022,0:00,0:00
10,01/12/2022,8:00,17:00
10,02/12/2022,8:00,17:00
10,05/12/2022,8:00,17:00
10,06/12/2022,8:00,17:00
10,07/12/2022,8:00,17:00
10,08/12/2022,0:00,0:00
10,09/12/2022,8:00,17:00
10,12/12/2022,8:00,17:00
10,12/13/2022,8:00,17:00
10,12/14/2022,8:00,17:00
10,12/15/2022,8:00,17:00
10,12/16/2022,8:00,17:00
10,12/19/2022,8:00,17:00
10,12/20/2022,8:00,17:00
10,12/21/2022,8:00,17:00
10,12/22/2022,8:00,17:00
10,12/23/2022,8:00,17:00
10,12/26/2022,8:00,17:00
10,12/27/2022,8:00,17:00
10,12/28/2022,8:00,17:00
10,12/29/2022,8:00,17:00
10,12/30/2022,0:00,0:00
11,01/09/2022,8:00,17:00
11,02/09/2022,8:00,17:00
11,05/09/2022,10:30,17:00
11,06/09/2022,8:00,17:00
11,07/09/2022,8:00,17:00
11,08/09/2022,8:00,17:00
11,09/09/2022,8:00,17:00
11,12/09/2022,8:00,17:00
11,09/13/2022,8:00,17:00
11,09/14/2022,10:30,17:00
11,09/15/2022,8:00,17:00
11,09/16/2022,8:00,17:00
11,09/19/2022,8:00,17:00
11,09/20/2022,8:00,17:00
11,09/21/2022,8:00,17:00
11,09/22/2022,8:00,17:00
11,09/23/2022,10:30,17:00
11,09/26/2022,8:00,17:00
11,09/27/2022,8:00,17:00
11,09/28/2022,8:00,17:00
11,09/29/2022,8:00,17:00
11,09/30/2022,8:00,17:00
11,03/10/2022,8:00,17:00
11,04/10/2022,10:30,17:00
11,05/10/2022,8:00,17:00
11,06/10/2022,8:00,17:00
11,07/10/2022,8:00,17:00
11,10/10/2022,8:00,17:00
11,11/10/2022,8:00,17:00
11,12/10/2022,8:00,17:00
11,10/13/2022,10:30,17:00
11,10/14/2022,8:00,17:00
11,10/17/2022,8:00,17:00
11,10/18/2022,8:00,17:00
11,10/19/2022,8:00,17:00
11,10/20/2022,8:00,17:00
11,10/21/2022,8:00,17:00
11,10/24/2022,10:30,17:00
11,10/25/2022,8:00,17:00
11,10/26/2022,8:00,17:00
11,10/27/2022,8:00,17:00
11,10/28/2022,8:00,17:00
11,10/31/2022,8:00,17:00
11,01/11/2022,0:00,0:00
11,02/11/2022,10:30,17:00
11,03/11/2022,8:00,17:00
11,04/11/2022,8:00,17:00
11,07/11/2022,8:00,17:00
11,08/11/2022,8:00,17:00
11,09/11/2022,8:00,17:00
11,10/11/2022,8:00,17:00
11,11/11/2022,10:30,17:00
11,11/14/2022,8:00,17:00
11,11/15/2022,8:00,17:00
11,11/16/2022,8:00,17:00
11,11/17/2022,8:00,17:00
11,11/18/2022,8:00,17:00
11,11/21/2022,8:00,17:00
11,11/22/2022,10:30,17:00
11,11/23/2022,8:00,17:00
11,11/24/2022,8:00,17:00
11,11/25/2022,8:00,17:00
11,11/28/2022,8:00,17:00
11,11/29/2022,8:00,17:00
11,11/30/2022,0:00,0:00
11,01/12/2022,10:30,17:00
11,02/12/2022,8:00,17:00
11,05/12/2022,8:00,17:00
11,06/12/2022,8:00,17:00
11,07/12/2022,8:00,17:00
11,08/12/2022,0:00,0:00
11,09/12/2022,8:00,17:00
11,12/12/2022,10:30,17:00
11,12/13/2022,8:00,17:00
11,12/14/2022,8:00,17:00
11,12/15/2022,8:00,17:00
11,12/16/2022,8:00,17:00
11,12/19/2022,8:00,17:00
11,12/20/2022,8:00,17:00
11,12/21/2022,10:30,17:00
11,12/22/2022,8:00,17:00
11,12/23/2022,8:00,17:00
11,12/26/2022,8:00,17:00
11,12/27/2022,8:00,17:00
11,12/28/2022,8:00,17:00
11,12/29/2022,8:00,17:00
11,12/30/2022,0:00,0:00
12,01/09/2022,8:00,17:00
12,02/09/2022,8:00,17:00
12,05/09/2022,8:00,17:00
12,06/09/2022,8:00,17:00
12,07/09/2022,8:00,17:00
12,08/09/2022,8:00,17:00
12,09/09/2022,8:00,17:00
12,12/09/2022,8:00,17:00
12,09/13/2022,8:00,17:00
12,09/14/2022,8:00,17:00
12,09/15/2022,8:00,17:00
12,09/16/2022,8:00,17:00
12,09/19/2022,8:00,17:00
12,09/20/2022,8:00,17:00
12,09/21/2022,8:00,17:00
12,09/22/2022,8:00,17:00
12,09/23/2022,8:00,17:00
12,09/26/2022,8:00,17:00
12,09/27/2022,8:00,17:00
12,09/28/2022,8:00,17:00
12,09/29/2022,8:00,17:00
12,09/30/2022,8:00,17:00
12,03/10/2022,8:00,17:00
12,04/10/2022,8:00,17:00
12,05/10/2022,8:00,17:00
12,06/10/2022,8:00,17:00
12,07/10/2022,8:00,17:00
12,10/10/2022,8:00,17:00
12,11/10/2022,8:00,17:00
12,12/10/2022,8:00,17:00
12,10/13/2022,8:00,17:00
12,10/14/2022,8:00,17:00
12,10/17/2022,8:00,17:00
12,10/18/2022,8:00,17:00
12,10/19/2022,8:00,17:00
12,10/20/2022,8:00,17:00
12,10/21/2022,8:00,17:00
12,10/24/2022,8:00,17:00
12,10/25/2022,8:00,17:00
12,10/26/2022,8:00,17:00
12,10/27/2022,8:00,17:00
12,10/28/2022,8:00,17:00
12,10/31/2022,8:00,17:00
12,01/11/2022,0:00,0:00
12,02/11/2022,8:00,17:00
12,03/11/2022,8:00,17:00
12,04/11/2022,8:00,17:00
12,07/11/2022,8:00,17:00
12,08/11/2022,8:00,17:00
12,09/11/2022,8:00,17:00
12,10/11/2022,8:00,17:00
12,11/11/2022,8:00,17:00
12,11/14/2022,8:00,17:00
12,11/15/2022,8:00,17:00
12,11/16/2022,8:00,17:00
12,11/17/2022,8:00,17:00
12,11/18/2022,8:00,17:00
12,11/21/2022,8:00,17:00
12,11/22/2022,8:00,17:00
12,11/23/2022,8:00,17:00
12,11/24/2022,8:00,17:00
12,11/25/2022,8:00,17:00
12,11/28/2022,8:00,17:00
12,11/29/2022,8:00,17:00
12,11/30/2022,0:00,0:00
12,01/12/2022,8:00,17:00
12,02/12/2022,8:00,17:00
12,05/12/2022,8:00,17:00
12,06/12/2022,8:00,17:00
12,07/12/2022,8:00,17:00
12,08/12/2022,0:00,0:00
12,09/12/2022,8:00,17:00
12,12/12/2022,8:00,17:00
12,12/13/2022,8:00,17:00
12,12/14/2022,8:00,17:00
12,12/15/2022,8:00,17:00
12,12/16/2022,8:00,17:00
12,12/19/2022,8:00,17:00
12,12/20/2022,8:00,17:00
12,12/21/2022,8:00,17:00
12,12/22/2022,8:00,17:00
12,12/23/2022,8:00,17:00
12,12/26/2022,8:00,17:00
12,12/27/2022,8:00,17:00
12,12/28/2022,8:00,17:00
12,12/29/2022,8:00,17:00
12,12/30/2022,0:00,0:00
13,01/09/2022,8:00,17:00
13,02/09/2022,8:00,17:00
13,05/09/2022,8:00,17:00
13,06/09/2022,8:00,17:00
13,07/09/2022,8:00,17:00
13,08/09/2022,10:00,17:00
13,09/09/2022,8:00,17:00
13,12/09/2022,8:00,17:00
13,09/13/2022,8:00,17:00
13,09/14/2022,8:00,17:00
13,09/15/2022,8:00,17:00
13,09/16/2022,8:00,17:00
13,09/19/2022,10:00,17:00
13,09/20/2022,8:00,17:00
13,09/21/2022,8:00,17:00
13,09/22/2022,8:00,17:00
13,09/23/2022,8:00,17:00
13,09/26/2022,8:00,17:00
13,09/27/2022,8:00,17:00
13,09/28/2022,10:00,17:00
13,09/29/2022,8:00,17:00
13,09/30/2022,8:00,17:00
13,03/10/2022,8:00,17:00
13,04/10/2022,8:00,17:00
13,05/10/2022,8:00,17:00
13,06/10/2022,8:00,17:00
13,07/10/2022,10:00,17:00
13,10/10/2022,8:00,17:00
13,11/10/2022,8:00,17:00
13,12/10/2022,8:00,17:00
13,10/13/2022,8:00,17:00
13,10/14/2022,8:00,17:00
13,10/17/2022,8:00,17:00
13,10/18/2022,10:00,17:00
13,10/19/2022,8:00,17:00
13,10/20/2022,8:00,17:00
13,10/21/2022,8:00,17:00
13,10/24/2022,8:00,17:00
13,10/25/2022,8:00,17:00
13,10/26/2022,8:00,17:00
13,10/27/2022,10:00,17:00
13,10/28/2022,8:00,17:00
13,10/31/2022,8:00,17:00
13,01/11/2022,0:00,0:00
13,02/11/2022,8:00,17:00
13,03/11/2022,8:00,17:00
13,04/11/2022,8:00,17:00
13,07/11/2022,10:00,17:00
13,08/11/2022,8:00,17:00
13,09/11/2022,8:00,17:00
13,10/11/2022,8:00,17:00
13,11/11/2022,8:00,17:00
13,11/14/2022,8:00,17:00
13,11/15/2022,8:00,17:00
13,11/16/2022,10:00,17:00
13,11/17/2022,8:00,17:00
13,11/18/2022,8:00,17:00
13,11/21/2022,8:00,17:00
13,11/22/2022,8:00,17:00
13,11/23/2022,8:00,17:00
13,11/24/2022,8:00,17:00
13,11/25/2022,10:00,17:00
13,11/28/2022,8:00,17:00
13,11/29/2022,8:00,17:00
13,11/30/2022,0:00,0:00
13,01/12/2022,8:00,17:00
13,02/12/2022,8:00,17:00
13,05/12/2022,8:00,17:00
13,06/12/2022,10:00,17:00
13,07/12/2022,8:00,17:00
13,08/12/2022,0:00,0:00
13,09/12/2022,8:00,17:00
13,12/12/2022,8:00,17:00
13,12/13/2022,8:00,17:00
13,12/14/2022,8:00,17:00
13,12/15/2022,10:00,17:00
13,12/16/2022,8:00,17:00
13,12/19/2022,8:00,17:00
13,12/20/2022,8:00,17:00
13,12/21/2022,8:00,17:00
13,12/22/2022,8:00,17:00
13,12/23/2022,8:00,17:00
13,12/26/2022,10:00,17:00
13,12/27/2022,8:00,17:00
13,12/28/2022,8:00,17:00
13,12/29/2022,8:00,17:00
13,12/30/2022,0:00,0:00
14,01/09/2022,8:00,17:00
14,02/09/2022,8:00,17:00
14,05/09/2022,8:00,17:00
14,06/09/2022,8:00,17:00
14,07/09/2022,8:00,17:00
14,08/09/2022,10:00,17:00
14,09/09/2022,8:00,17:00
14,12/09/2022,8:00,17:00
14,09/13/2022,8:00,17:00
14,09/14/2022,8:00,17:00
14,09/15/2022,8:00,17:00
14,09/16/2022,8:00,17:00
14,09/19/2022,10:00,17:00
14,09/20/2022,8:00,17:00
14,09/21/2022,8:00,17:00
14,09/22/2022,8:00,17:00
14,09/23/2022,8:00,17:00
14,09/26/2022,8:00,17:00
14,09/27/2022,8:00,17:00
14,09/28/2022,10:00,17:00
14,09/29/2022,8:00,17:00
14,09/30/2022,8:00,17:00
14,03/10/2022,8:00,17:00
14,04/10/2022,8:00,17:00
14,05/10/2022,8:00,17:00
14,06/10/2022,8:00,17:00
14,07/10/2022,0:00,0:00
14,10/10/2022,8:00,17:00
14,11/10/2022,8:00,17:00
14,12/10/2022,8:00,17:00
14,10/13/2022,8:00,17:00
14,10/14/2022,8:00,17:00
14,10/17/2022,8:00,17:00
14,10/18/2022,10:00,17:00
14,10/19/2022,8:00,17:00
14,10/20/2022,8:00,17:00
14,10/21/2022,8:00,17:00
14,10/24/2022,8:00,17:00
14,10/25/2022,8:00,17:00
14,10/26/2022,8:00,17:00
14,10/27/2022,10:00,17:00
14,10/28/2022,8:00,17:00
14,10/31/2022,8:00,17:00
14,01/11/2022,0:00,0:00
14,02/11/2022,8:00,17:00
14,03/11/2022,8:00,17:00
14,04/11/2022,8:00,17:00
14,07/11/2022,10:00,17:00
14,08/11/2022,8:00,17:00
14,09/11/2022,8:00,17:00
14,10/11/2022,8:00,17:00
14,11/11/2022,8:00,17:00
14,11/14/2022,8:00,17:00
14,11/15/2022,8:00,17:00
14,11/16/2022,10:00,17:00
14,11/17/2022,8:00,17:00
14,11/18/2022,8:00,17:00
14,11/21/2022,8:00,17:00
14,11/22/2022,8:00,17:00
14,11/23/2022,8:00,17:00
14,11/24/2022,8:00,17:00
14,11/25/2022,10:00,17:00
14,11/28/2022,8:00,17:00
14,11/29/2022,8:00,17:00
14,11/30/2022,0:00,0:00
14,01/12/2022,8:00,17:00
14,02/12/2022,8:00,17:00
14,05/12/2022,8:00,17:00
14,06/12/2022,10:00,17:00
14,07/12/2022,8:00,17:00
14,08/12/2022,0:00,0:00
14,09/12/2022,8:00,17:00
14,12/12/2022,8:00,17:00
14,12/13/2022,8:00,17:00
14,12/14/2022,8:00,17:00
14,12/15/2022,10:00,17:00
14,12/16/2022,8:00,17:00
14,12/19/2022,8:00,17:00
14,12/20/2022,8:00,17:00
14,12/21/2022,8:00,17:00
14,12/22/2022,8:00,17:00
14,12/23/2022,8:00,17:00
14,12/26/2022,10:00,17:00
14,12/27/2022,8:00,17:00
14,12/28/2022,8:00,17:00
14,12/29/2022,8:00,17:00
14,12/30/2022,0:00,0:00
15,01/09/2022,8:00,17:00
15,02/09/2022,8:00,17:00
15,05/09/2022,8:00,17:00
15,06/09/2022,8:00,17:00
15,07/09/2022,8:00,17:00
15,08/09/2022,10:00,17:00
15,09/09/2022,8:00,17:00
15,12/09/2022,8:00,17:00
15,09/13/2022,8:00,17:00
15,09/14/2022,8:00,17:00
15,09/15/2022,8:00,17:00
15,09/16/2022,8:00,17:00
15,09/19/2022,10:00,17:00
15,09/20/2022,8:00,17:00
15,09/21/2022,8:00,17:00
15,09/22/2022,8:00,17:00
15,09/23/2022,8:00,17:00
15,09/26/2022,8:00,17:00
15,09/27/2022,8:00,17:00
15,09/28/2022,10:00,17:00
15,09/29/2022,8:00,17:00
15,09/30/2022,8:00,17:00
15,03/10/2022,8:00,17:00
15,04/10/2022,8:00,17:00
15,05/10/2022,8:00,17:00
15,06/10/2022,8:00,17:00
15,07/10/2022,10:00,17:00
15,10/10/2022,8:00,17:00
15,11/10/2022,8:00,17:00
15,12/10/2022,8:00,17:00
15,10/13/2022,8:00,17:00
15,10/14/2022,8:00,17:00
15,10/17/2022,8:00,17:00
15,10/18/2022,10:00,17:00
15,10/19/2022,8:00,17:00
15,10/20/2022,8:00,17:00
15,10/21/2022,8:00,17:00
15,10/24/2022,8:00,17:00
15,10/25/2022,8:00,17:00
15,10/26/2022,8:00,17:00
15,10/27/2022,10:00,17:00
15,10/28/2022,8:00,17:00
15,10/31/2022,8:00,17:00
15,01/11/2022,0:00,0:00
15,02/11/2022,8:00,17:00
15,03/11/2022,8:00,17:00
15,04/11/2022,8:00,17:00
15,07/11/2022,10:00,17:00
15,08/11/2022,8:00,17:00
15,09/11/2022,8:00,17:00
15,10/11/2022,8:00,17:00
15,11/11/2022,8:00,17:00
15,11/14/2022,8:00,17:00
15,11/15/2022,8:00,17:00
15,11/16/2022,10:00,17:00
15,11/17/2022,8:00,17:00
15,11/18/2022,8:00,17:00
15,11/21/2022,8:00,17:00
15,11/22/2022,8:00,17:00
15,11/23/2022,8:00,17:00
15,11/24/2022,8:00,17:00
15,11/25/2022,10:00,17:00
15,11/28/2022,8:00,17:00
15,11/29/2022,8:00,17:00
15,11/30/2022,0:00,0:00
15,01/12/2022,8:00,17:00
15,02/12/2022,8:00,17:00
15,05/12/2022,8:00,17:00
15,06/12/2022,10:00,17:00
15,07/12/2022,8:00,17:00
15,08/12/2022,0:00,0:00
15,09/12/2022,8:00,17:00
15,12/12/2022,8:00,17:00
15,12/13/2022,8:00,17:00
15,12/14/2022,8:00,17:00
15,12/15/2022,10:00,17:00
15,12/16/2022,8:00,17:00
15,12/19/2022,8:00,17:00
15,12/20/2022,8:00,17:00
15,12/21/2022,8:00,17:00
15,12/22/2022,8:00,17:00
15,12/23/2022,8:00,17:00
15,12/26/2022,10:00,17:00
15,12/27/2022,8:00,17:00
15,12/28/2022,8:00,17:00
15,12/29/2022,8:00,17:00
15,12/30/2022,0:00,0:00
16,01/09/2022,8:28,17:00
16,02/09/2022,8:00,17:00
16,05/09/2022,8:00,17:00
16,06/09/2022,8:00,17:00
16,07/09/2022,8:00,17:00
16,08/09/2022,10:00,17:00
16,09/09/2022,8:00,17:00
16,12/09/2022,8:28,17:00
16,09/13/2022,8:00,17:00
16,09/14/2022,8:00,17:00
16,09/15/2022,8:00,17:00
16,09/16/2022,8:00,17:00
16,09/19/2022,10:00,17:00
16,09/20/2022,8:00,17:00
16,09/21/2022,8:28,17:00
16,09/22/2022,8:00,17:00
16,09/23/2022,8:00,17:00
16,09/26/2022,8:00,17:00
16,09/27/2022,8:00,17:00
16,09/28/2022,10:00,17:00
16,09/29/2022,8:00,17:00
16,09/30/2022,8:28,17:00
16,03/10/2022,8:00,17:00
16,04/10/2022,8:00,17:00
16,05/10/2022,8:00,17:00
16,06/10/2022,8:00,17:00
16,07/10/2022,10:00,17:00
16,10/10/2022,8:00,17:00
16,11/10/2022,8:28,17:00
16,12/10/2022,8:00,17:00
16,10/13/2022,8:00,17:00
16,10/14/2022,8:00,17:00
16,10/17/2022,8:00,17:00
16,10/18/2022,0:00,0:00
16,10/19/2022,8:00,17:00
16,10/20/2022,8:28,17:00
16,10/21/2022,8:00,17:00
16,10/24/2022,8:00,17:00
16,10/25/2022,8:00,17:00
16,10/26/2022,8:00,17:00
16,10/27/2022,10:00,17:00
16,10/28/2022,8:00,17:00
16,10/31/2022,8:28,17:00
16,01/11/2022,0:00,0:00
16,02/11/2022,8:00,17:00
16,03/11/2022,8:00,17:00
16,04/11/2022,8:00,17:00
16,07/11/2022,10:00,17:00
16,08/11/2022,8:00,17:00
16,09/11/2022,8:28,17:00
16,10/11/2022,8:00,17:00
16,11/11/2022,8:00,17:00
16,11/14/2022,8:00,17:00
16,11/15/2022,8:00,17:00
16,11/16/2022,10:00,17:00
16,11/17/2022,8:00,17:00
16,11/18/2022,8:28,17:00
16,11/21/2022,8:00,17:00
16,11/22/2022,8:00,17:00
16,11/23/2022,8:00,17:00
16,11/24/2022,8:00,17:00
16,11/25/2022,10:00,17:00
16,11/28/2022,8:00,17:00
16,11/29/2022,8:28,17:00
16,11/30/2022,0:00,0:00
16,01/12/2022,8:00,17:00
16,02/12/2022,8:00,17:00
16,05/12/2022,8:00,17:00
16,06/12/2022,10:00,17:00
16,07/12/2022,8:00,17:00
16,08/12/2022,0:00,0:00
16,09/12/2022,8:00,17:00
16,12/12/2022,8:00,17:00
16,12/13/2022,8:00,17:00
16,12/14/2022,8:00,17:00
16,12/15/2022,10:00,17:00
16,12/16/2022,8:00,17:00
16,12/19/2022,8:28,17:00
16,12/20/2022,8:00,17:00
16,12/21/2022,8:00,17:00
16,12/22/2022,8:00,17:00
16,12/23/2022,8:00,17:00
16,12/26/2022,10:00,17:00
16,12/27/2022,8:00,17:00
16,12/28/2022,8:28,17:00
16,12/29/2022,8:00,17:00
16,12/30/2022,0:00,0:00
17,01/09/2022,8:00,17:00
17,02/09/2022,8:00,17:00
17,05/09/2022,8:00,17:00
17,06/09/2022,8:05,17:00
17,07/09/2022,8:00,17:00
17,08/09/2022,10:00,17:00
17,09/09/2022,8:00,17:00
17,12/09/2022,8:00,17:00
17,09/13/2022,0:00,0:00
17,09/14/2022,8:00,17:00
17,09/15/2022,8:05,17:00
17,09/16/2022,8:00,17:00
17,09/19/2022,0:00,0:00
17,09/20/2022,8:00,17:00
17,09/21/2022,8:00,17:00
17,09/22/2022,8:00,17:00
17,09/23/2022,8:00,17:00
17,09/26/2022,8:05,17:00
17,09/27/2022,0:00,0:00
17,09/28/2022,10:00,17:00
17,09/29/2022,8:00,17:00
17,09/30/2022,8:00,17:00
17,03/10/2022,8:00,17:00
17,04/10/2022,8:00,17:00
17,05/10/2022,8:05,17:00
17,06/10/2022,8:00,17:00
17,07/10/2022,10:00,17:00
17,10/10/2022,8:00,17:00
17,11/10/2022,8:00,17:00
17,12/10/2022,8:00,17:00
17,10/13/2022,8:00,17:00
17,10/14/2022,8:05,17:00
17,10/17/2022,8:00,17:00
17,10/18/2022,10:00,17:00
17,10/19/2022,8:00,17:00
17,10/20/2022,8:00,17:00
17,10/21/2022,8:00,17:00
17,10/24/2022,8:00,17:00
17,10/25/2022,8:05,17:00
17,10/26/2022,8:00,17:00
17,10/27/2022,10:00,17:00
17,10/28/2022,8:00,17:00
17,10/31/2022,8:00,17:00
17,01/11/2022,0:00,0:00
17,02/11/2022,8:00,17:00
17,03/11/2022,8:05,17:00
17,04/11/2022,8:00,17:00
17,07/11/2022,10:00,17:00
17,08/11/2022,8:00,17:00
17,09/11/2022,8:00,17:00
17,10/11/2022,8:00,17:00
17,11/11/2022,8:00,17:00
17,11/14/2022,8:05,17:00
17,11/15/2022,8:00,17:00
17,11/16/2022,10:00,17:00
17,11/17/2022,8:00,17:00
17,11/18/2022,8:00,17:00
17,11/21/2022,8:00,17:00
17,11/22/2022,8:00,17:00
17,11/23/2022,8:05,17:00
17,11/24/2022,8:00,17:00
17,11/25/2022,10:00,17:00
17,11/28/2022,8:00,17:00
17,11/29/2022,8:00,17:00
17,11/30/2022,0:00,0:00
17,01/12/2022,8:00,17:00
17,02/12/2022,8:05,17:00
17,05/12/2022,8:00,17:00
17,06/12/2022,10:00,17:00
17,07/12/2022,8:00,17:00
17,08/12/2022,0:00,0:00
17,09/12/2022,8:00,17:00
17,12/12/2022,8:00,17:00
17,12/13/2022,8:05,17:00
17,12/14/2022,8:00,17:00
17,12/15/2022,10:00,17:00
17,12/16/2022,8:00,17:00
17,12/19/2022,8:00,17:00
17,12/20/2022,8:00,17:00
17,12/21/2022,8:00,17:00
17,12/22/2022,8:05,17:00
17,12/23/2022,8:00,17:00
17,12/26/2022,10:00,17:00
17,12/27/2022,8:00,17:00
17,12/28/2022,8:00,17:00
17,12/29/2022,8:00,17:00
17,12/30/2022,0:00,0:00
18,01/09/2022,8:00,17:00
18,02/09/2022,8:00,17:00
18,05/09/2022,8:00,17:00
18,06/09/2022,8:00,17:00
18,07/09/2022,8:00,17:00
18,08/09/2022,10:00,17:00
18,09/09/2022,8:00,17:00
18,12/09/2022,8:00,17:00
18,09/13/2022,8:00,17:00
18,09/14/2022,8:00,17:00
18,09/15/2022,8:00,17:00
18,09/16/2022,8:00,17:00
18,09/19/2022,10:00,17:00
18,09/20/2022,0:00,0:00
18,09/21/2022,0:00,0:00
18,09/22/2022,8:00,17:00
18,09/23/2022,8:00,17:00
18,09/26/2022,8:00,17:00
18,09/27/2022,8:00,17:00
18,09/28/2022,10:00,17:00
18,09/29/2022,8:00,17:00
18,09/30/2022,8:00,17:00
18,03/10/2022,8:00,17:00
18,04/10/2022,8:00,17:00
18,05/10/2022,8:00,17:00
18,06/10/2022,8:00,17:00
18,07/10/2022,10:00,17:00
18,10/10/2022,8:00,17:00
18,11/10/2022,8:00,17:00
18,12/10/2022,8:00,17:00
18,10/13/2022,8:00,17:00
18,10/14/2022,8:00,17:00
18,10/17/2022,8:00,17:00
18,10/18/2022,10:00,17:00
18,10/19/2022,8:00,17:00
18,10/20/2022,8:00,17:00
18,10/21/2022,8:00,17:00
18,10/24/2022,8:00,17:00
18,10/25/2022,8:00,17:00
18,10/26/2022,8:00,17:00
18,10/27/2022,0:00,0:00
18,10/28/2022,8:00,17:00
18,10/31/2022,8:00,17:00
18,01/11/2022,0:00,0:00
18,02/11/2022,8:00,17:00
18,03/11/2022,8:00,17:00
18,04/11/2022,8:00,17:00
18,07/11/2022,10:00,17:00
18,08/11/2022,8:00,17:00
18,09/11/2022,8:00,17:00
18,10/11/2022,8:00,17:00
18,11/11/2022,8:00,17:00
18,11/14/2022,8:00,17:00
18,11/15/2022,8:00,17:00
18,11/16/2022,10:00,17:00
18,11/17/2022,8:00,17:00
18,11/18/2022,8:00,17:00
18,11/21/2022,8:00,17:00
18,11/22/2022,8:00,17:00
18,11/23/2022,8:00,17:00
18,11/24/2022,8:00,17:00
18,11/25/2022,10:00,17:00
18,11/28/2022,8:00,17:00
18,11/29/2022,8:00,17:00
18,11/30/2022,0:00,0:00
18,01/12/2022,8:00,17:00
18,02/12/2022,8:00,17:00
18,05/12/2022,8:00,17:00
18,06/12/2022,10:00,17:00
18,07/12/2022,8:00,17:00
18,08/12/2022,0:00,0:00
18,09/12/2022,8:00,17:00
18,12/12/2022,8:00,17:00
18,12/13/2022,8:00,17:00
18,12/14/2022,8:00,17:00
18,12/15/2022,10:00,17:00
18,12/16/2022,8:00,17:00
18,12/19/2022,8:00,17:00
18,12/20/2022,8:00,17:00
18,12/21/2022,8:00,17:00
18,12/22/2022,8:00,17:00
18,12/23/2022,8:00,17:00
18,12/26/2022,10:00,17:00
18,12/27/2022,8:00,17:00
18,12/28/2022,8:00,17:00
18,12/29/2022,8:00,17:00
18,12/30/2022,0:00,0:00
19,01/09/2022,8:00,17:00
19,02/09/2022,8:00,17:00
19,05/09/2022,8:00,17:00
19,06/09/2022,8:00,17:00
19,07/09/2022,8:00,17:00
19,08/09/2022,10:00,17:00
19,09/09/2022,8:00,17:00
19,12/09/2022,8:00,17:00
19,09/13/2022,8:00,17:00
19,09/14/2022,8:00,17:00
19,09/15/2022,8:00,17:00
19,09/16/2022,8:00,17:00
19,09/19/2022,10:00,17:00
19,09/20/2022,8:00,17:00
19,09/21/2022,8:00,17:00
19,09/22/2022,8:00,17:00
19,09/23/2022,8:00,17:00
19,09/26/2022,8:00,17:00
19,09/27/2022,8:00,17:00
19,09/28/2022,10:00,17:00
19,09/29/2022,8:00,17:00
19,09/30/2022,8:00,17:00
19,03/10/2022,8:00,17:00
19,04/10/2022,8:00,17:00
19,05/10/2022,8:00,17:00
19,06/10/2022,8:00,17:00
19,07/10/2022,10:00,17:00
19,10/10/2022,8:00,17:00
19,11/10/2022,8:00,17:00
19,12/10/2022,8:00,17:00
19,10/13/2022,8:00,17:00
19,10/14/2022,8:00,17:00
19,10/17/2022,8:00,17:00
19,10/18/2022,10:00,17:00
19,10/19/2022,8:00,17:00
19,10/20/2022,8:00,17:00
19,10/21/2022,8:00,17:00
19,10/24/2022,8:00,17:00
19,10/25/2022,8:00,17:00
19,10/26/2022,8:00,17:00
19,10/27/2022,10:00,17:00
19,10/28/2022,8:00,17:00
19,10/31/2022,8:00,17:00
19,01/11/2022,0:00,0:00
19,02/11/2022,8:00,17:00
19,03/11/2022,8:00,17:00
19,04/11/2022,8:00,17:00
19,07/11/2022,10:00,17:00
19,08/11/2022,8:00,17:00
19,09/11/2022,8:00,17:00
19,10/11/2022,8:00,17:00
19,11/11/2022,8:00,17:00
19,11/14/2022,8:00,17:00
19,11/15/2022,8:00,17:00
19,11/16/2022,10:00,17:00
19,11/17/2022,8:00,17:00
19,11/18/2022,8:00,17:00
19,11/21/2022,8:00,17:00
19,11/22/2022,8:00,17:00
19,11/23/2022,8:00,17:00
19,11/24/2022,8:00,17:00
19,11/25/2022,10:00,17:00
19,11/28/2022,8:00,17:00
19,11/29/2022,8:00,17:00
19,11/30/2022,0:00,0:00
19,01/12/2022,8:00,17:00
19,02/12/2022,8:00,17:00
19,05/12/2022,8:00,17:00
19,06/12/2022,10:00,17:00
19,07/12/2022,8:00,17:00
19,08/12/2022,0:00,0:00
19,09/12/2022,8:00,17:00
19,12/12/2022,8:00,17:00
19,12/13/2022,8:00,17:00
19,12/14/2022,8:00,17:00
19,12/15/2022,10:00,17:00
19,12/16/2022,8:00,17:00
19,12/19/2022,8:00,17:00
19,12/20/2022,8:00,17:00
19,12/21/2022,8:00,17:00
19,12/22/2022,8:00,17:00
19,12/23/2022,8:00,17:00
19,12/26/2022,10:00,17:00
19,12/27/2022,8:00,17:00
19,12/28/2022,8:00,17:00
19,12/29/2022,8:00,17:00
19,12/30/2022,0:00,0:00
20,01/09/2022,8:00,17:00
20,02/09/2022,8:00,17:00
20,05/09/2022,8:00,17:00
20,06/09/2022,8:00,17:00
20,07/09/2022,8:00,17:00
20,08/09/2022,10:00,17:00
20,09/09/2022,8:00,17:00
20,12/09/2022,8:00,17:00
20,09/13/2022,8:00,17:00
20,09/14/2022,8:00,17:00
20,09/15/2022,8:00,17:00
20,09/16/2022,8:00,17:00
20,09/19/2022,10:00,17:00
20,09/20/2022,8:00,17:00
20,09/21/2022,8:00,17:00
20,09/22/2022,8:00,17:00
20,09/23/2022,8:00,17:00
20,09/26/2022,8:00,17:00
20,09/27/2022,8:00,17:00
20,09/28/2022,10:00,17:00
20,09/29/2022,8:00,17:00
20,09/30/2022,8:00,17:00
20,03/10/2022,8:00,17:00
20,04/10/2022,8:00,17:00
20,05/10/2022,8:00,17:00
20,06/10/2022,8:00,17:00
20,07/10/2022,10:00,17:00
20,10/10/2022,8:00,17:00
20,11/10/2022,8:00,17:00
20,12/10/2022,8:00,17:00
20,10/13/2022,8:00,17:00
20,10/14/2022,8:00,17:00
20,10/17/2022,8:00,17:00
20,10/18/2022,10:00,17:00
20,10/19/2022,8:00,17:00
20,10/20/2022,8:00,17:00
20,10/21/2022,8:00,17:00
20,10/24/2022,8:00,17:00
20,10/25/2022,8:00,17:00
20,10/26/2022,8:00,17:00
20,10/27/2022,10:00,17:00
20,10/28/2022,8:00,17:00
20,10/31/2022,8:00,17:00
20,01/11/2022,0:00,0:00
20,02/11/2022,8:00,17:00
20,03/11/2022,8:00,17:00
20,04/11/2022,8:00,17:00
20,07/11/2022,10:00,17:00
20,08/11/2022,8:00,17:00
20,09/11/2022,8:00,17:00
20,10/11/2022,8:00,17:00
20,11/11/2022,8:00,17:00
20,11/14/2022,8:00,17:00
20,11/15/2022,8:00,17:00
20,11/16/2022,10:00,17:00
20,11/17/2022,8:00,17:00
20,11/18/2022,8:00,17:00
20,11/21/2022,8:00,17:00
20,11/22/2022,8:00,17:00
20,11/23/2022,8:00,17:00
20,11/24/2022,8:00,17:00
20,11/25/2022,10:00,17:00
20,11/28/2022,8:00,17:00
20,11/29/2022,8:00,17:00
20,11/30/2022,0:00,0:00
20,01/12/2022,8:00,17:00
20,02/12/2022,8:00,17:00
20,05/12/2022,8:00,17:00
20,06/12/2022,10:00,17:00
20,07/12/2022,8:00,17:00
20,08/12/2022,0:00,0:00
20,09/12/2022,8:00,17:00
20,12/12/2022,8:00,17:00
20,12/13/2022,8:00,17:00
20,12/14/2022,8:00,17:00
20,12/15/2022,10:00,17:00
20,12/16/2022,8:00,17:00
20,12/19/2022,8:00,17:00
20,12/20/2022,8:00,17:00
20,12/21/2022,8:00,17:00
20,12/22/2022,8:00,17:00
20,12/23/2022,8:00,17:00
20,12/26/2022,10:00,17:00
20,12/27/2022,8:00,17:00
20,12/28/2022,8:00,17:00
20,12/29/2022,8:00,17:00
20,12/30/2022,0:00,0:00
21,01/09/2022,8:11,17:00
21,02/09/2022,8:00,17:00
21,05/09/2022,13:00,17:00
21,06/09/2022,8:00,17:00
21,07/09/2022,8:00,17:00
21,08/09/2022,10:00,17:00
21,09/09/2022,8:00,17:00
21,12/09/2022,8:11,17:00
21,09/13/2022,8:00,17:00
21,09/14/2022,13:00,17:00
21,09/15/2022,8:00,17:00
21,09/16/2022,8:00,17:00
21,09/19/2022,10:00,17:00
21,09/20/2022,8:00,17:00
21,09/21/2022,8:11,17:00
21,09/22/2022,8:00,17:00
21,09/23/2022,13:00,17:00
21,09/26/2022,8:00,17:00
21,09/27/2022,8:00,17:00
21,09/28/2022,10:00,17:00
21,09/29/2022,8:00,17:00
21,09/30/2022,8:11,17:00
21,03/10/2022,8:00,17:00
21,04/10/2022,13:00,17:00
21,05/10/2022,8:00,17:00
21,06/10/2022,8:00,17:00
21,07/10/2022,10:00,17:00
21,10/10/2022,8:00,17:00
21,11/10/2022,8:11,17:00
21,12/10/2022,8:00,17:00
21,10/13/2022,13:00,17:00
21,10/14/2022,8:00,17:00
21,10/17/2022,8:00,17:00
21,10/18/2022,10:00,17:00
21,10/19/2022,8:00,17:00
21,10/20/2022,8:11,17:00
21,10/21/2022,8:00,17:00
21,10/24/2022,13:00,17:00
21,10/25/2022,8:00,17:00
21,10/26/2022,8:00,17:00
21,10/27/2022,10:00,17:00
21,10/28/2022,8:00,17:00
21,10/31/2022,8:11,17:00
21,01/11/2022,0:00,0:00
21,02/11/2022,13:00,17:00
21,03/11/2022,8:00,17:00
21,04/11/2022,8:00,17:00
21,07/11/2022,10:00,17:00
21,08/11/2022,8:00,17:00
21,09/11/2022,8:11,17:00
21,10/11/2022,8:00,17:00
21,11/11/2022,13:00,17:00
21,11/14/2022,8:00,17:00
21,11/15/2022,8:00,17:00
21,11/16/2022,10:00,17:00
21,11/17/2022,8:00,17:00
21,11/18/2022,8:11,17:00
21,11/21/2022,8:00,17:00
21,11/22/2022,13:00,17:00
21,11/23/2022,8:00,17:00
21,11/24/2022,8:00,17:00
21,11/25/2022,10:00,17:00
21,11/28/2022,8:00,17:00
21,11/29/2022,8:11,17:00
21,11/30/2022,0:00,0:00
21,01/12/2022,13:00,17:00
21,02/12/2022,8:00,17:00
21,05/12/2022,8:00,17:00
21,06/12/2022,10:00,17:00
21,07/12/2022,8:00,17:00
21,08/12/2022,0:00,0:00
21,09/12/2022,8:00,17:00
21,12/12/2022,13:00,17:00
21,12/13/2022,8:00,17:00
21,12/14/2022,8:00,17:00
21,12/15/2022,10:00,17:00
21,12/16/2022,8:00,17:00
21,12/19/2022,8:11,17:00
21,12/20/2022,8:00,17:00
21,12/21/2022,13:00,17:00
21,12/22/2022,8:00,17:00
21,12/23/2022,8:00,17:00
21,12/26/2022,10:00,17:00
21,12/27/2022,8:00,17:00
21,12/28/2022,8:11,17:00
21,12/29/2022,8:00,17:00
21,12/30/2022,0:00,0:00
22,01/09/2022,8:00,17:00
22,02/09/2022,8:00,17:00
22,05/09/2022,8:00,17:00
22,06/09/2022,8:00,17:00
22,07/09/2022,8:00,17:00
22,08/09/2022,10:00,17:00
22,09/09/2022,8:00,17:00
22,12/09/2022,8:00,17:00
22,09/13/2022,8:00,17:00
22,09/14/2022,8:00,17:00
22,09/15/2022,8:00,17:00
22,09/16/2022,8:00,17:00
22,09/19/2022,10:00,17:00
22,09/20/2022,8:00,17:00
22,09/21/2022,8:00,17:00
22,09/22/2022,8:00,17:00
22,09/23/2022,8:00,17:00
22,09/26/2022,8:00,17:00
22,09/27/2022,8:00,17:00
22,09/28/2022,10:00,17:00
22,09/29/2022,8:00,17:00
22,09/30/2022,8:00,17:00
22,03/10/2022,8:00,17:00
22,04/10/2022,8:00,17:00
22,05/10/2022,8:00,17:00
22,06/10/2022,8:00,17:00
22,07/10/2022,10:00,17:00
22,10/10/2022,8:00,17:00
22,11/10/2022,8:00,17:00
22,12/10/2022,8:00,17:00
22,10/13/2022,8:00,17:00
22,10/14/2022,8:00,17:00
22,10/17/2022,8:00,17:00
22,10/18/2022,10:00,17:00
22,10/19/2022,8:00,17:00
22,10/20/2022,8:00,17:00
22,10/21/2022,8:00,17:00
22,10/24/2022,8:00,17:00
22,10/25/2022,8:00,17:00
22,10/26/2022,8:00,17:00
22,10/27/2022,10:00,17:00
22,10/28/2022,8:00,17:00
22,10/31/2022,8:00,17:00
22,01/11/2022,0:00,0:00
22,02/11/2022,8:00,17:00
22,03/11/2022,8:00,17:00
22,04/11/2022,8:00,17:00
22,07/11/2022,10:00,17:00
22,08/11/2022,8:00,17:00
22,09/11/2022,8:00,17:00
22,10/11/2022,8:00,17:00
22,11/11/2022,8:00,17:00
22,11/14/2022,8:00,17:00
22,11/15/2022,8:00,17:00
22,11/16/2022,10:00,17:00
22,11/17/2022,8:00,17:00
22,11/18/2022,8:00,17:00
22,11/21/2022,8:00,17:00
22,11/22/2022,8:00,17:00
22,11/23/2022,8:00,17:00
22,11/24/2022,8:00,17:00
22,11/25/2022,10:00,17:00
22,11/28/2022,8:00,17:00
22,11/29/2022,8:00,17:00
22,11/30/2022,0:00,0:00
22,01/12/2022,8:00,17:00
22,02/12/2022,8:00,17:00
22,05/12/2022,8:00,17:00
22,06/12/2022,10:00,17:00
22,07/12/2022,8:00,17:00
22,08/12/2022,0:00,0:00
22,09/12/2022,8:00,17:00
22,12/12/2022,8:00,17:00
22,12/13/2022,8:00,17:00
22,12/14/2022,8:00,17:00
22,12/15/2022,10:00,17:00
22,12/16/2022,8:00,17:00
22,12/19/2022,8:00,17:00
22,12/20/2022,8:00,17:00
22,12/21/2022,8:00,17:00
22,12/22/2022,8:00,17:00
22,12/23/2022,8:00,17:00
22,12/26/2022,10:00,17:00
22,12/27/2022,8:00,17:00
22,12/28/2022,8:00,17:00
22,12/29/2022,8:00,17:00
22,12/30/2022,0:00,0:00
23,01/09/2022,8:00,17:00
23,02/09/2022,8:00,17:00
23,05/09/2022,8:00,17:00
23,06/09/2022,9:00,17:00
23,07/09/2022,8:00,17:00
23,08/09/2022,10:00,17:00
23,09/09/2022,8:00,17:00
23,12/09/2022,8:00,17:00
23,09/13/2022,8:00,17:00
23,09/14/2022,8:00,17:00
23,09/15/2022,9:00,17:00
23,09/16/2022,8:00,17:00
23,09/19/2022,10:00,17:00
23,09/20/2022,8:00,17:00
23,09/21/2022,8:00,17:00
23,09/22/2022,8:00,17:00
23,09/23/2022,8:00,17:00
23,09/26/2022,9:00,17:00
23,09/27/2022,8:00,17:00
23,09/28/2022,10:00,17:00
23,09/29/2022,8:00,17:00
23,09/30/2022,8:00,17:00
23,03/10/2022,8:00,17:00
23,04/10/2022,8:00,17:00
23,05/10/2022,9:00,17:00
23,06/10/2022,8:00,17:00
23,07/10/2022,10:00,17:00
23,10/10/2022,8:00,17:00
23,11/10/2022,8:00,17:00
23,12/10/2022,8:00,17:00
23,10/13/2022,8:00,17:00
23,10/14/2022,9:00,17:00
23,10/17/2022,8:00,17:00
23,10/18/2022,10:00,17:00
23,10/19/2022,8:00,17:00
23,10/20/2022,8:00,17:00
23,10/21/2022,8:00,17:00
23,10/24/2022,8:00,17:00
23,10/25/2022,9:00,17:00
23,10/26/2022,8:00,17:00
23,10/27/2022,10:00,17:00
23,10/28/2022,8:00,17:00
23,10/31/2022,8:00,17:00
23,01/11/2022,0:00,0:00
23,02/11/2022,8:00,17:00
23,03/11/2022,9:00,17:00
23,04/11/2022,0:00,0:00
23,07/11/2022,10:00,17:00
23,08/11/2022,8:00,17:00
23,09/11/2022,8:00,17:00
23,10/11/2022,8:00,17:00
23,11/11/2022,8:00,17:00
23,11/14/2022,9:00,17:00
23,11/15/2022,8:00,17:00
23,11/16/2022,10:00,17:00
23,11/17/2022,8:00,17:00
23,11/18/2022,8:00,17:00
23,11/21/2022,8:00,17:00
23,11/22/2022,8:00,17:00
23,11/23/2022,9:00,17:00
23,11/24/2022,8:00,17:00
23,11/25/2022,10:00,17:00
23,11/28/2022,8:00,17:00
23,11/29/2022,8:00,17:00
23,11/30/2022,0:00,0:00
23,01/12/2022,8:00,17:00
23,02/12/2022,9:00,17:00
23,05/12/2022,8:00,17:00
23,06/12/2022,10:00,17:00
23,07/12/2022,8:00,17:00
23,08/12/2022,0:00,0:00
23,09/12/2022,8:00,17:00
23,12/12/2022,8:00,17:00
23,12/13/2022,9:00,17:00
23,12/14/2022,8:00,17:00
23,12/15/2022,10:00,17:00
23,12/16/2022,8:00,17:00
23,12/19/2022,8:00,17:00
23,12/20/2022,8:00,17:00
23,12/21/2022,8:00,17:00
23,12/22/2022,9:00,17:00
23,12/23/2022,8:00,17:00
23,12/26/2022,10:00,17:00
23,12/27/2022,8:00,17:00
23,12/28/2022,8:00,17:00
23,12/29/2022,8:00,17:00
23,12/30/2022,0:00,0:00
24,01/09/2022,8:21,17:00
24,02/09/2022,8:00,17:00
24,05/09/2022,8:00,17:00
24,06/09/2022,8:00,17:00
24,07/09/2022,8:00,17:00
24,08/09/2022,10:00,17:00
24,09/09/2022,8:00,17:00
24,12/09/2022,8:21,17:00
24,09/13/2022,8:00,17:00
24,09/14/2022,8:00,17:00
24,09/15/2022,0:00,0:00
24,09/16/2022,8:00,17:00
24,09/19/2022,10:00,17:00
24,09/20/2022,8:00,17:00
24,09/21/2022,8:21,17:00
24,09/22/2022,8:00,17:00
24,09/23/2022,8:00,17:00
24,09/26/2022,8:00,17:00
24,09/27/2022,8:00,17:00
24,09/28/2022,10:00,17:00
24,09/29/2022,8:00,17:00
24,09/30/2022,8:21,17:00
24,03/10/2022,8:00,17:00
24,04/10/2022,8:00,17:00
24,05/10/2022,8:00,17:00
24,06/10/2022,8:00,17:00
24,07/10/2022,10:00,17:00
24,10/10/2022,8:00,17:00
24,11/10/2022,8:21,17:00
24,12/10/2022,8:00,17:00
24,10/13/2022,8:00,17:00
24,10/14/2022,8:00,17:00
24,10/17/2022,8:00,17:00
24,10/18/2022,10:00,17:00
24,10/19/2022,8:00,17:00
24,10/20/2022,8:21,17:00
24,10/21/2022,8:00,17:00
24,10/24/2022,8:00,17:00
24,10/25/2022,8:00,17:00
24,10/26/2022,8:00,17:00
24,10/27/2022,10:00,17:00
24,10/28/2022,8:00,17:00
24,10/31/2022,8:21,17:00
24,01/11/2022,0:00,0:00
24,02/11/2022,8:00,17:00
24,03/11/2022,8:00,17:00
24,04/11/2022,8:00,17:00
24,07/11/2022,10:00,17:00
24,08/11/2022,8:00,17:00
24,09/11/2022,8:21,17:00
24,10/11/2022,8:00,17:00
24,11/11/2022,8:00,17:00
24,11/14/2022,8:00,17:00
24,11/15/2022,8:00,17:00
24,11/16/2022,10:00,17:00
24,11/17/2022,8:00,17:00
24,11/18/2022,8:21,17:00
24,11/21/2022,8:00,17:00
24,11/22/2022,8:00,17:00
24,11/23/2022,8:00,17:00
24,11/24/2022,8:00,17:00
24,11/25/2022,10:00,17:00
24,11/28/2022,8:00,17:00
24,11/29/2022,8:21,17:00
24,11/30/2022,0:00,0:00
24,01/12/2022,8:00,17:00
24,02/12/2022,8:00,17:00
24,05/12/2022,8:00,17:00
24,06/12/2022,10:00,17:00
24,07/12/2022,8:00,17:00
24,08/12/2022,0:00,0:00
24,09/12/2022,8:00,17:00
24,12/12/2022,8:00,17:00
24,12/13/2022,8:00,17:00
24,12/14/2022,8:00,17:00
24,12/15/2022,10:00,17:00
24,12/16/2022,8:00,17:00
24,12/19/2022,8:21,17:00
24,12/20/2022,8:00,17:00
24,12/21/2022,8:00,17:00
24,12/22/2022,8:00,17:00
24,12/23/2022,8:00,17:00
24,12/26/2022,10:00,17:00
24,12/27/2022,8:00,17:00
24,12/28/2022,8:21,17:00
24,12/29/2022,8:00,17:00
24,12/30/2022,0:00,0:00
25,01/09/2022,8:00,17:00
25,02/09/2022,8:00,17:00
25,05/09/2022,8:00,17:00
25,06/09/2022,8:00,17:00
25,07/09/2022,8:00,17:00
25,08/09/2022,10:00,17:00
25,09/09/2022,8:00,17:00
25,12/09/2022,8:00,17:00
25,09/13/2022,8:00,17:00
25,09/14/2022,8:00,17:00
25,09/15/2022,8:00,17:00
25,09/16/2022,8:00,17:00
25,09/19/2022,10:00,17:00
25,09/20/2022,8:00,17:00
25,09/21/2022,8:00,17:00
25,09/22/2022,8:00,17:00
25,09/23/2022,8:00,17:00
25,09/26/2022,8:00,17:00
25,09/27/2022,8:00,17:00
25,09/28/2022,10:00,17:00
25,09/29/2022,8:00,17:00
25,09/30/2022,8:00,17:00
25,03/10/2022,8:00,17:00
25,04/10/2022,8:00,17:00
25,05/10/2022,8:00,17:00
25,06/10/2022,8:00,17:00
25,07/10/2022,10:00,17:00
25,10/10/2022,8:00,17:00
25,11/10/2022,8:00,17:00
25,12/10/2022,8:00,17:00
25,10/13/2022,8:00,17:00
25,10/14/2022,8:00,17:00
25,10/17/2022,8:00,17:00
25,10/18/2022,10:00,17:00
25,10/19/2022,8:00,17:00
25,10/20/2022,8:00,17:00
25,10/21/2022,8:00,17:00
25,10/24/2022,8:00,17:00
25,10/25/2022,8:00,17:00
25,10/26/2022,8:00,17:00
25,10/27/2022,10:00,17:00
25,10/28/2022,8:00,17:00
25,10/31/2022,8:00,17:00
25,01/11/2022,0:00,0:00
25,02/11/2022,8:00,17:00
25,03/11/2022,8:00,17:00
25,04/11/2022,8:00,17:00
25,07/11/2022,10:00,17:00
25,08/11/2022,8:00,17:00
25,09/11/2022,8:00,17:00
25,10/11/2022,8:00,17:00
25,11/11/2022,8:00,17:00
25,11/14/2022,8:00,17:00
25,11/15/2022,8:00,17:00
25,11/16/2022,10:00,17:00
25,11/17/2022,8:00,17:00
25,11/18/2022,8:00,17:00
25,11/21/2022,8:00,17:00
25,11/22/2022,8:00,17:00
25,11/23/2022,8:00,17:00
25,11/24/2022,8:00,17:00
25,11/25/2022,10:00,17:00
25,11/28/2022,8:00,17:00
25,11/29/2022,8:00,17:00
25,11/30/2022,0:00,0:00
25,01/12/2022,8:00,17:00
25,02/12/2022,8:00,17:00
25,05/12/2022,8:00,17:00
25,06/12/2022,10:00,17:00
25,07/12/2022,8:00,17:00
25,08/12/2022,0:00,0:00
25,09/12/2022,8:00,17:00
25,12/12/2022,8:00,17:00
25,12/13/2022,8:00,17:00
25,12/14/2022,8:00,17:00
25,12/15/2022,10:00,17:00
25,12/16/2022,8:00,17:00
25,12/19/2022,8:00,17:00
25,12/20/2022,8:00,17:00
25,12/21/2022,8:00,17:00
25,12/22/2022,8:00,17:00
25,12/23/2022,8:00,17:00
25,12/26/2022,10:00,17:00
25,12/27/2022,8:00,17:00
25,12/28/2022,8:00,17:00
25,12/29/2022,8:00,17:00
25,12/30/2022,0:00,0:00
26,01/09/2022,8:00,17:00
26,02/09/2022,8:00,17:00
26,05/09/2022,8:00,17:00
26,06/09/2022,8:00,17:00
26,07/09/2022,8:00,17:00
26,08/09/2022,8:00,17:00
26,09/09/2022,8:00,17:00
26,12/09/2022,8:00,17:00
26,09/13/2022,8:00,17:00
26,09/14/2022,8:00,17:00
26,09/15/2022,8:00,17:00
26,09/16/2022,8:00,17:00
26,09/19/2022,8:00,17:00
26,09/20/2022,8:00,17:00
26,09/21/2022,8:00,17:00
26,09/22/2022,8:00,17:00
26,09/23/2022,8:00,17:00
26,09/26/2022,8:00,17:00
26,09/27/2022,8:00,17:00
26,09/28/2022,8:00,17:00
26,09/29/2022,8:00,17:00
26,09/30/2022,8:00,17:00
26,03/10/2022,8:00,17:00
26,04/10/2022,8:00,17:00
26,05/10/2022,8:00,17:00
26,06/10/2022,8:00,17:00
26,07/10/2022,8:00,17:00
26,10/10/2022,8:00,17:00
26,11/10/2022,8:00,17:00
26,12/10/2022,8:00,17:00
26,10/13/2022,8:00,17:00
26,10/14/2022,8:00,17:00
26,10/17/2022,8:00,17:00
26,10/18/2022,8:00,17:00
26,10/19/2022,8:00,17:00
26,10/20/2022,8:00,17:00
26,10/21/2022,8:00,17:00
26,10/24/2022,8:00,17:00
26,10/25/2022,8:00,17:00
26,10/26/2022,8:00,17:00
26,10/27/2022,8:00,17:00
26,10/28/2022,8:00,17:00
26,10/31/2022,8:00,17:00
26,01/11/2022,0:00,0:00
26,02/11/2022,8:00,17:00
26,03/11/2022,8:00,17:00
26,04/11/2022,8:00,17:00
26,07/11/2022,8:00,17:00
26,08/11/2022,8:00,17:00
26,09/11/2022,8:00,17:00
26,10/11/2022,8:00,17:00
26,11/11/2022,8:00,17:00
26,11/14/2022,8:00,17:00
26,11/15/2022,8:00,17:00
26,11/16/2022,8:00,17:00
26,11/17/2022,8:00,17:00
26,11/18/2022,8:00,17:00
26,11/21/2022,8:00,17:00
26,11/22/2022,8:00,17:00
26,11/23/2022,8:00,17:00
26,11/24/2022,8:00,17:00
26,11/25/2022,8:00,17:00
26,11/28/2022,8:00,17:00
26,11/29/2022,8:00,17:00
26,11/30/2022,0:00,0:00
26,01/12/2022,8:00,17:00
26,02/12/2022,8:00,17:00
26,05/12/2022,8:00,17:00
26,06/12/2022,8:00,17:00
26,07/12/2022,8:00,17:00
26,08/12/2022,0:00,0:00
26,09/12/2022,8:00,17:00
26,12/12/2022,8:00,17:00
26,12/13/2022,8:00,17:00
26,12/14/2022,8:00,17:00
26,12/15/2022,8:00,17:00
26,12/16/2022,8:00,17:00
26,12/19/2022,8:00,17:00
26,12/20/2022,8:00,17:00
26,12/21/2022,8:00,17:00
26,12/22/2022,8:00,17:00
26,12/23/2022,8:00,17:00
26,12/26/2022,8:00,17:00
26,12/27/2022,8:00,17:00
26,12/28/2022,8:00,17:00
26,12/29/2022,8:00,17:00
26,12/30/2022,0:00,0:00
27,01/09/2022,8:00,17:00
27,02/09/2022,8:00,17:00
27,05/09/2022,8:00,17:00
27,06/09/2022,8:00,17:00
27,07/09/2022,8:00,17:00
27,08/09/2022,8:00,17:00
27,09/09/2022,8:00,17:00
27,12/09/2022,8:00,17:00
27,09/13/2022,8:00,17:00
27,09/14/2022,8:00,17:00
27,09/15/2022,8:00,17:00
27,09/16/2022,8:00,17:00
27,09/19/2022,8:00,17:00
27,09/20/2022,8:00,17:00
27,09/21/2022,8:00,17:00
27,09/22/2022,8:00,17:00
27,09/23/2022,8:00,17:00
27,09/26/2022,8:00,17:00
27,09/27/2022,8:00,17:00
27,09/28/2022,8:00,17:00
27,09/29/2022,8:00,17:00
27,09/30/2022,8:00,17:00
27,03/10/2022,8:00,17:00
27,04/10/2022,8:00,17:00
27,05/10/2022,8:00,17:00
27,06/10/2022,8:00,17:00
27,07/10/2022,8:00,17:00
27,10/10/2022,8:00,17:00
27,11/10/2022,8:00,17:00
27,12/10/2022,8:00,17:00
27,10/13/2022,8:00,17:00
27,10/14/2022,8:00,17:00
27,10/17/2022,8:00,17:00
27,10/18/2022,8:00,17:00
27,10/19/2022,8:00,17:00
27,10/20/2022,8:00,17:00
27,10/21/2022,8:00,17:00
27,10/24/2022,8:00,17:00
27,10/25/2022,8:00,17:00
27,10/26/2022,8:00,17:00
27,10/27/2022,8:00,17:00
27,10/28/2022,8:00,17:00
27,10/31/2022,8:00,17:00
27,01/11/2022,0:00,0:00
27,02/11/2022,8:00,17:00
27,03/11/2022,8:00,17:00
27,04/11/2022,8:00,17:00
27,07/11/2022,8:00,17:00
27,08/11/2022,8:00,17:00
27,09/11/2022,8:00,17:00
27,10/11/2022,8:00,17:00
27,11/11/2022,8:00,17:00
27,11/14/2022,8:00,17:00
27,11/15/2022,8:00,17:00
27,11/16/2022,8:00,17:00
27,11/17/2022,8:00,17:00
27,11/18/2022,8:00,17:00
27,11/21/2022,8:00,17:00
27,11/22/2022,8:00,17:00
27,11/23/2022,8:00,17:00
27,11/24/2022,8:00,17:00
27,11/25/2022,8:00,17:00
27,11/28/2022,8:00,17:00
27,11/29/2022,8:00,17:00
27,11/30/2022,0:00,0:00
27,01/12/2022,8:00,17:00
27,02/12/2022,8:00,17:00
27,05/12/2022,8:00,17:00
27,06/12/2022,8:00,17:00
27,07/12/2022,8:00,17:00
27,08/12/2022,0:00,0:00
27,09/12/2022,8:00,17:00
27,12/12/2022,8:00,17:00
27,12/13/2022,8:00,17:00
27,12/14/2022,8:00,17:00
27,12/15/2022,0:00,0:00
27,12/16/2022,0:00,0:00
27,12/19/2022,0:00,0:00
27,12/20/2022,0:00,0:00
27,12/21/2022,0:00,0:00
27,12/22/2022,0:00,0:00
27,12/23/2022,0:00,0:00
27,12/26/2022,0:00,0:00
27,12/27/2022,0:00,0:00
27,12/28/2022,0:00,0:00
27,12/29/2022,0:00,0:00
27,12/30/2022,0:00,0:00
28,01/09/2022,8:00,17:00
28,02/09/2022,8:00,17:00
28,05/09/2022,8:00,17:00
28,06/09/2022,11:30,17:00
28,07/09/2022,8:00,17:00
28,08/09/2022,8:00,17:00
28,09/09/2022,8:00,17:00
28,12/09/2022,8:00,17:00
28,09/13/2022,8:00,17:00
28,09/14/2022,8:00,17:00
28,09/15/2022,11:30,17:00
28,09/16/2022,8:00,17:00
28,09/19/2022,8:00,17:00
28,09/20/2022,8:00,17:00
28,09/21/2022,8:00,17:00
28,09/22/2022,8:00,17:00
28,09/23/2022,8:00,17:00
28,09/26/2022,11:30,17:00
28,09/27/2022,8:00,17:00
28,09/28/2022,8:00,17:00
28,09/29/2022,8:00,17:00
28,09/30/2022,8:00,17:00
28,03/10/2022,8:00,17:00
28,04/10/2022,8:00,17:00
28,05/10/2022,11:30,17:00
28,06/10/2022,8:00,17:00
28,07/10/2022,8:00,17:00
28,10/10/2022,8:00,17:00
28,11/10/2022,8:00,17:00
28,12/10/2022,8:00,17:00
28,10/13/2022,8:00,17:00
28,10/14/2022,11:30,17:00
28,10/17/2022,8:00,17:00
28,10/18/2022,8:00,17:00
28,10/19/2022,8:00,17:00
28,10/20/2022,8:00,17:00
28,10/21/2022,8:00,17:00
28,10/24/2022,8:00,17:00
28,10/25/2022,11:30,17:00
28,10/26/2022,8:00,17:00
28,10/27/2022,8:00,17:00
28,10/28/2022,8:00,17:00
28,10/31/2022,8:00,17:00
28,01/11/2022,0:00,0:00
28,02/11/2022,8:00,17:00
28,03/11/2022,11:30,17:00
28,04/11/2022,8:00,17:00
28,07/11/2022,8:00,17:00
28,08/11/2022,8:00,17:00
28,09/11/2022,8:00,17:00
28,10/11/2022,8:00,17:00
28,11/11/2022,8:00,17:00
28,11/14/2022,11:30,17:00
28,11/15/2022,8:00,17:00
28,11/16/2022,8:00,17:00
28,11/17/2022,8:00,17:00
28,11/18/2022,8:00,17:00
28,11/21/2022,8:00,17:00
28,11/22/2022,8:00,17:00
28,11/23/2022,11:30,17:00
28,11/24/2022,8:00,17:00
28,11/25/2022,8:00,17:00
28,11/28/2022,8:00,17:00
28,11/29/2022,8:00,17:00
28,11/30/2022,0:00,0:00
28,01/12/2022,8:00,17:00
28,02/12/2022,11:30,17:00
28,05/12/2022,8:00,17:00
28,06/12/2022,8:00,17:00
28,07/12/2022,8:00,17:00
28,08/12/2022,0:00,0:00
28,09/12/2022,8:00,17:00
28,12/12/2022,8:00,17:00
28,12/13/2022,11:30,17:00
28,12/14/2022,8:00,17:00
28,12/15/2022,0:00,0:00
28,12/16/2022,0:00,0:00
28,12/19/2022,0:00,0:00
28,12/20/2022,0:00,0:00
28,12/21/2022,0:00,0:00
28,12/22/2022,0:00,0:00
28,12/23/2022,0:00,0:00
28,12/26/2022,0:00,0:00
28,12/27/2022,0:00,0:00
28,12/28/2022,0:00,0:00
28,12/29/2022,0:00,0:00
28,12/30/2022,0:00,0:00
29,01/09/2022,8:00,17:00
29,02/09/2022,8:00,17:00
29,05/09/2022,8:00,17:00
29,06/09/2022,8:00,17:00
29,07/09/2022,8:00,17:00
29,08/09/2022,8:00,17:00
29,09/09/2022,8:00,17:00
29,12/09/2022,8:00,17:00
29,09/13/2022,8:00,17:00
29,09/14/2022,8:00,17:00
29,09/15/2022,8:00,17:00
29,09/16/2022,8:00,17:00
29,09/19/2022,8:00,17:00
29,09/20/2022,8:00,17:00
29,09/21/2022,8:00,17:00
29,09/22/2022,8:00,17:00
29,09/23/2022,8:00,17:00
29,09/26/2022,8:00,17:00
29,09/27/2022,8:00,17:00
29,09/28/2022,8:00,17:00
29,09/29/2022,8:00,17:00
29,09/30/2022,8:00,17:00
29,03/10/2022,8:00,17:00
29,04/10/2022,8:00,17:00
29,05/10/2022,8:00,17:00
29,06/10/2022,8:00,17:00
29,07/10/2022,8:00,17:00
29,10/10/2022,8:00,17:00
29,11/10/2022,8:00,17:00
29,12/10/2022,8:00,17:00
29,10/13/2022,8:00,17:00
29,10/14/2022,8:00,17:00
29,10/17/2022,8:00,17:00
29,10/18/2022,8:00,17:00
29,10/19/2022,8:00,17:00
29,10/20/2022,8:00,17:00
29,10/21/2022,8:00,17:00
29,10/24/2022,8:00,17:00
29,10/25/2022,8:00,17:00
29,10/26/2022,8:00,17:00
29,10/27/2022,8:00,17:00
29,10/28/2022,8:00,17:00
29,10/31/2022,8:00,17:00
29,01/11/2022,0:00,0:00
29,02/11/2022,8:00,17:00
29,03/11/2022,8:00,17:00
29,04/11/2022,8:00,17:00
29,07/11/2022,8:00,17:00
29,08/11/2022,8:00,17:00
29,09/11/2022,8:00,17:00
29,10/11/2022,8:00,17:00
29,11/11/2022,8:00,17:00
29,11/14/2022,8:00,17:00
29,11/15/2022,8:00,17:00
29,11/16/2022,8:00,17:00
29,11/17/2022,8:00,17:00
29,11/18/2022,8:00,17:00
29,11/21/2022,8:00,17:00
29,11/22/2022,8:00,17:00
29,11/23/2022,8:00,17:00
29,11/24/2022,8:00,17:00
29,11/25/2022,8:00,17:00
29,11/28/2022,8:00,17:00
29,11/29/2022,8:00,17:00
29,11/30/2022,0:00,0:00
29,01/12/2022,8:00,17:00
29,02/12/2022,8:00,17:00
29,05/12/2022,8:00,17:00
29,06/12/2022,8:00,17:00
29,07/12/2022,8:00,17:00
29,08/12/2022,0:00,0:00
29,09/12/2022,8:00,17:00
29,12/12/2022,8:00,17:00
29,12/13/2022,8:00,17:00
29,12/14/2022,8:00,17:00
29,12/15/2022,0:00,0:00
29,12/16/2022,0:00,0:00
29,12/19/2022,0:00,0:00
29,12/20/2022,0:00,0:00
29,12/21/2022,0:00,0:00
29,12/22/2022,0:00,0:00
29,12/23/2022,0:00,0:00
29,12/26/2022,0:00,0:00
29,12/27/2022,0:00,0:00
29,12/28/2022,0:00,0:00
29,12/29/2022,0:00,0:00
29,12/30/2022,0:00,0:00
30,01/09/2022,8:00,17:00
30,02/09/2022,8:00,17:00
30,05/09/2022,8:15,17:00
30,06/09/2022,8:00,17:00
30,07/09/2022,8:00,17:00
30,08/09/2022,8:00,17:00
30,09/09/2022,8:00,17:00
30,12/09/2022,8:00,17:00
30,09/13/2022,8:00,17:00
30,09/14/2022,8:15,17:00
30,09/15/2022,8:00,17:00
30,09/16/2022,8:00,17:00
30,09/19/2022,8:00,17:00
30,09/20/2022,8:00,17:00
30,09/21/2022,8:00,17:00
30,09/22/2022,8:00,17:00
30,09/23/2022,8:15,17:00
30,09/26/2022,8:00,17:00
30,09/27/2022,8:00,17:00
30,09/28/2022,8:00,17:00
30,09/29/2022,8:00,17:00
30,09/30/2022,8:00,17:00
30,03/10/2022,8:00,17:00
30,04/10/2022,8:15,17:00
30,05/10/2022,8:00,17:00
30,06/10/2022,8:00,17:00
30,07/10/2022,8:00,17:00
30,10/10/2022,8:00,17:00
30,11/10/2022,8:00,17:00
30,12/10/2022,8:00,17:00
30,10/13/2022,8:15,17:00
30,10/14/2022,8:00,17:00
30,10/17/2022,8:00,17:00
30,10/18/2022,8:00,17:00
30,10/19/2022,8:00,17:00
30,10/20/2022,8:00,17:00
30,10/21/2022,8:00,17:00
30,10/24/2022,8:15,17:00
30,10/25/2022,8:00,17:00
30,10/26/2022,8:00,17:00
30,10/27/2022,8:00,17:00
30,10/28/2022,8:00,17:00
30,10/31/2022,8:00,17:00
30,01/11/2022,0:00,0:00
30,02/11/2022,8:15,17:00
30,03/11/2022,8:00,17:00
30,04/11/2022,8:00,17:00
30,07/11/2022,8:00,17:00
30,08/11/2022,8:00,17:00
30,09/11/2022,8:00,17:00
30,10/11/2022,8:00,17:00
30,11/11/2022,8:15,17:00
30,11/14/2022,8:00,17:00
30,11/15/2022,8:00,17:00
30,11/16/2022,8:00,17:00
30,11/17/2022,8:00,17:00
30,11/18/2022,8:00,17:00
30,11/21/2022,8:00,17:00
30,11/22/2022,8:15,17:00
30,11/23/2022,8:00,17:00
30,11/24/2022,8:00,17:00
30,11/25/2022,8:00,17:00
30,11/28/2022,8:00,17:00
30,11/29/2022,8:00,17:00
30,11/30/2022,0:00,0:00
30,01/12/2022,8:15,17:00
30,02/12/2022,8:00,17:00
30,05/12/2022,8:00,17:00
30,06/12/2022,8:00,17:00
30,07/12/2022,8:00,17:00
30,08/12/2022,0:00,0:00
30,09/12/2022,8:00,17:00
30,12/12/2022,8:15,17:00
30,12/13/2022,8:00,17:00
30,12/14/2022,8:00,17:00
30,12/15/2022,0:00,0:00
30,12/16/2022,0:00,0:00
30,12/19/2022,0:00,0:00
30,12/20/2022,0:00,0:00
30,12/21/2022,0:00,0:00
30,12/22/2022,0:00,0:00
30,12/23/2022,0:00,0:00
30,12/26/2022,0:00,0:00
30,12/27/2022,0:00,0:00
30,12/28/2022,0:00,0:00
30,12/29/2022,0:00,0:00
30,12/30/2022,0:00,0:00
31,01/09/2022,8:00,17:00
31,02/09/2022,8:00,17:00
31,05/09/2022,8:00,17:00
31,06/09/2022,8:00,17:00
31,07/09/2022,8:00,17:00
31,08/09/2022,8:00,17:00
31,09/09/2022,8:00,17:00
31,12/09/2022,8:00,17:00
31,09/13/2022,8:00,17:00
31,09/14/2022,8:00,17:00
31,09/15/2022,8:00,17:00
31,09/16/2022,8:00,17:00
31,09/19/2022,8:00,17:00
31,09/20/2022,8:00,17:00
31,09/21/2022,8:00,17:00
31,09/22/2022,8:00,17:00
31,09/23/2022,8:00,17:00
31,09/26/2022,8:00,17:00
31,09/27/2022,8:00,17:00
31,09/28/2022,8:00,17:00
31,09/29/2022,8:00,17:00
31,09/30/2022,8:00,17:00
31,03/10/2022,8:00,17:00
31,04/10/2022,8:00,17:00
31,05/10/2022,8:00,17:00
31,06/10/2022,8:00,17:00
31,07/10/2022,8:00,17:00
31,10/10/2022,8:00,17:00
31,11/10/2022,8:00,17:00
31,12/10/2022,8:00,17:00
31,10/13/2022,8:00,17:00
31,10/14/2022,8:00,17:00
31,10/17/2022,8:00,17:00
31,10/18/2022,8:00,17:00
31,10/19/2022,8:00,17:00
31,10/20/2022,8:00,17:00
31,10/21/2022,8:00,17:00
31,10/24/2022,8:00,17:00
31,10/25/2022,8:00,17:00
31,10/26/2022,8:00,17:00
31,10/27/2022,8:00,17:00
31,10/28/2022,8:00,17:00
31,10/31/2022,8:00,17:00
31,01/11/2022,0:00,0:00
31,02/11/2022,8:00,17:00
31,03/11/2022,8:00,17:00
31,04/11/2022,8:00,17:00
31,07/11/2022,8:00,17:00
31,08/11/2022,8:00,17:00
31,09/11/2022,8:00,17:00
31,10/11/2022,8:00,17:00
31,11/11/2022,8:00,17:00
31,11/14/2022,8:00,17:00
31,11/15/2022,8:00,17:00
31,11/16/2022,8:00,17:00
31,11/17/2022,8:00,17:00
31,11/18/2022,8:00,17:00
31,11/21/2022,8:00,17:00
31,11/22/2022,8:00,17:00
31,11/23/2022,8:00,17:00
31,11/24/2022,8:00,17:00
31,11/25/2022,8:00,17:00
31,11/28/2022,8:00,17:00
31,11/29/2022,8:00,17:00
31,11/30/2022,0:00,0:00
31,01/12/2022,8:00,17:00
31,02/12/2022,8:00,17:00
31,05/12/2022,8:00,17:00
31,06/12/2022,8:00,17:00
31,07/12/2022,8:00,17:00
31,08/12/2022,0:00,0:00
31,09/12/2022,8:00,17:00
31,12/12/2022,8:00,17:00
31,12/13/2022,8:00,17:00
31,12/14/2022,8:00,17:00
31,12/15/2022,0:00,0:00
31,12/16/2022,0:00,0:00
31,12/19/2022,0:00,0:00
31,12/20/2022,0:00,0:00
31,12/21/2022,0:00,0:00
31,12/22/2022,0:00,0:00
31,12/23/2022,0:00,0:00
31,12/26/2022,0:00,0:00
31,12/27/2022,0:00,0:00
31,12/28/2022,0:00,0:00
31,12/29/2022,0:00,0:00
31,12/30/2022,0:00,0:00
32,01/09/2022,8:27,17:00
32,02/09/2022,8:00,17:00
32,05/09/2022,8:00,17:00
32,06/09/2022,8:00,17:00
32,07/09/2022,8:00,17:00
32,08/09/2022,8:00,17:00
32,09/09/2022,8:00,17:00
32,12/09/2022,8:27,17:00
32,09/13/2022,8:00,17:00
32,09/14/2022,8:00,17:00
32,09/15/2022,8:00,17:00
32,09/16/2022,8:00,17:00
32,09/19/2022,8:00,17:00
32,09/20/2022,8:00,17:00
32,09/21/2022,8:27,17:00
32,09/22/2022,8:00,17:00
32,09/23/2022,8:00,17:00
32,09/26/2022,8:00,17:00
32,09/27/2022,8:00,17:00
32,09/28/2022,8:00,17:00
32,09/29/2022,8:00,17:00
32,09/30/2022,8:27,17:00
32,03/10/2022,8:00,17:00
32,04/10/2022,8:00,17:00
32,05/10/2022,8:00,17:00
32,06/10/2022,8:00,17:00
32,07/10/2022,8:00,17:00
32,10/10/2022,8:00,17:00
32,11/10/2022,8:27,17:00
32,12/10/2022,8:00,17:00
32,10/13/2022,8:00,17:00
32,10/14/2022,8:00,17:00
32,10/17/2022,8:00,17:00
32,10/18/2022,8:00,17:00
32,10/19/2022,8:00,17:00
32,10/20/2022,8:27,17:00
32,10/21/2022,8:00,17:00
32,10/24/2022,8:00,17:00
32,10/25/2022,8:00,17:00
32,10/26/2022,8:00,17:00
32,10/27/2022,8:00,17:00
32,10/28/2022,8:00,17:00
32,10/31/2022,8:27,17:00
32,01/11/2022,0:00,0:00
32,02/11/2022,8:00,17:00
32,03/11/2022,8:00,17:00
32,04/11/2022,8:00,17:00
32,07/11/2022,8:00,17:00
32,08/11/2022,8:00,17:00
32,09/11/2022,8:27,17:00
32,10/11/2022,8:00,17:00
32,11/11/2022,8:00,17:00
32,11/14/2022,8:00,17:00
32,11/15/2022,8:00,17:00
32,11/16/2022,8:00,17:00
32,11/17/2022,8:00,17:00
32,11/18/2022,8:27,17:00
32,11/21/2022,8:00,17:00
32,11/22/2022,8:00,17:00
32,11/23/2022,8:00,17:00
32,11/24/2022,8:00,17:00
32,11/25/2022,8:00,17:00
32,11/28/2022,8:00,17:00
32,11/29/2022,8:27,17:00
32,11/30/2022,0:00,0:00
32,01/12/2022,8:00,17:00
32,02/12/2022,8:00,17:00
32,05/12/2022,8:00,17:00
32,06/12/2022,8:00,17:00
32,07/12/2022,8:00,17:00
32,08/12/2022,0:00,0:00
32,09/12/2022,8:00,17:00
32,12/12/2022,8:00,17:00
32,12/13/2022,8:00,17:00
32,12/14/2022,8:00,17:00
32,12/15/2022,8:00,17:00
32,12/16/2022,8:00,17:00
32,12/19/2022,8:27,17:00
32,12/20/2022,8:00,17:00
32,12/21/2022,8:00,17:00
32,12/22/2022,8:00,17:00
32,12/23/2022,8:00,17:00
32,12/26/2022,8:00,17:00
32,12/27/2022,8:00,17:00
32,12/28/2022,8:27,17:00
32,12/29/2022,8:00,17:00
32,12/30/2022,0:00,0:00
33,01/09/2022,8:01,17:00
33,02/09/2022,8:00,17:00
33,05/09/2022,8:00,17:00
33,06/09/2022,8:10,17:00
33,07/09/2022,8:00,17:00
33,08/09/2022,8:00,17:00
33,09/09/2022,8:00,17:00
33,12/09/2022,8:01,17:00
33,09/13/2022,8:00,17:00
33,09/14/2022,8:00,17:00
33,09/15/2022,8:10,17:00
33,09/16/2022,8:00,17:00
33,09/19/2022,8:00,17:00
33,09/20/2022,8:00,17:00
33,09/21/2022,8:01,17:00
33,09/22/2022,8:00,17:00
33,09/23/2022,8:00,17:00
33,09/26/2022,8:10,17:00
33,09/27/2022,8:00,17:00
33,09/28/2022,8:00,17:00
33,09/29/2022,8:00,17:00
33,09/30/2022,8:01,17:00
33,03/10/2022,8:00,17:00
33,04/10/2022,8:00,17:00
33,05/10/2022,8:10,17:00
33,06/10/2022,8:00,17:00
33,07/10/2022,8:00,17:00
33,10/10/2022,8:00,17:00
33,11/10/2022,8:01,17:00
33,12/10/2022,8:00,17:00
33,10/13/2022,8:00,17:00
33,10/14/2022,8:10,17:00
33,10/17/2022,8:00,17:00
33,10/18/2022,8:00,17:00
33,10/19/2022,8:00,17:00
33,10/20/2022,8:01,17:00
33,10/21/2022,8:00,17:00
33,10/24/2022,8:00,17:00
33,10/25/2022,8:10,17:00
33,10/26/2022,8:00,17:00
33,10/27/2022,8:00,17:00
33,10/28/2022,8:00,17:00
33,10/31/2022,8:01,17:00
33,01/11/2022,0:00,0:00
33,02/11/2022,8:00,17:00
33,03/11/2022,8:10,17:00
33,04/11/2022,8:00,17:00
33,07/11/2022,8:00,17:00
33,08/11/2022,8:00,17:00
33,09/11/2022,8:01,17:00
33,10/11/2022,8:00,17:00
33,11/11/2022,8:00,17:00
33,11/14/2022,8:10,17:00
33,11/15/2022,8:00,17:00
33,11/16/2022,8:00,17:00
33,11/17/2022,8:00,17:00
33,11/18/2022,8:01,17:00
33,11/21/2022,8:00,17:00
33,11/22/2022,8:00,17:00
33,11/23/2022,8:10,17:00
33,11/24/2022,8:00,17:00
33,11/25/2022,8:00,17:00
33,11/28/2022,8:00,17:00
33,11/29/2022,8:01,17:00
33,11/30/2022,0:00,0:00
33,01/12/2022,8:00,17:00
33,02/12/2022,8:10,17:00
33,05/12/2022,8:00,17:00
33,06/12/2022,8:00,17:00
33,07/12/2022,8:00,17:00
33,08/12/2022,0:00,0:00
33,09/12/2022,8:00,17:00
33,12/12/2022,8:00,17:00
33,12/13/2022,8:10,17:00
33,12/14/2022,8:00,17:00
33,12/15/2022,8:00,17:00
33,12/16/2022,8:00,17:00
33,12/19/2022,8:01,17:00
33,12/20/2022,8:00,17:00
33,12/21/2022,8:00,17:00
33,12/22/2022,8:10,17:00
33,12/23/2022,8:00,17:00
33,12/26/2022,8:00,17:00
33,12/27/2022,8:00,17:00
33,12/28/2022,8:01,17:00
33,12/29/2022,8:00,17:00
33,12/30/2022,0:00,0:00
34,01/09/2022,8:00,17:00
34,02/09/2022,8:00,17:00
34,05/09/2022,8:00,17:00
34,06/09/2022,8:00,17:00
34,07/09/2022,8:00,17:00
34,08/09/2022,8:00,17:00
34,09/09/2022,8:00,17:00
34,12/09/2022,8:00,17:00
34,09/13/2022,8:00,17:00
34,09/14/2022,8:00,17:00
34,09/15/2022,8:00,17:00
34,09/16/2022,8:00,17:00
34,09/19/2022,8:00,17:00
34,09/20/2022,8:00,17:00
34,09/21/2022,8:00,17:00
34,09/22/2022,8:00,17:00
34,09/23/2022,8:00,17:00
34,09/26/2022,8:00,17:00
34,09/27/2022,8:00,17:00
34,09/28/2022,8:00,17:00
34,09/29/2022,8:00,17:00
34,09/30/2022,8:00,17:00
34,03/10/2022,8:00,17:00
34,04/10/2022,8:00,17:00
34,05/10/2022,8:00,17:00
34,06/10/2022,8:00,17:00
34,07/10/2022,8:00,17:00
34,10/10/2022,8:00,17:00
34,11/10/2022,8:00,17:00
34,12/10/2022,8:00,17:00
34,10/13/2022,8:00,17:00
34,10/14/2022,8:00,17:00
34,10/17/2022,8:00,17:00
34,10/18/2022,8:00,17:00
34,10/19/2022,8:00,17:00
34,10/20/2022,8:00,17:00
34,10/21/2022,8:00,17:00
34,10/24/2022,8:00,17:00
34,10/25/2022,8:00,17:00
34,10/26/2022,8:00,17:00
34,10/27/2022,8:00,17:00
34,10/28/2022,8:00,17:00
34,10/31/2022,8:00,17:00
34,01/11/2022,0:00,0:00
34,02/11/2022,8:00,17:00
34,03/11/2022,8:00,17:00
34,04/11/2022,8:00,17:00
34,07/11/2022,8:00,17:00
34,08/11/2022,8:00,17:00
34,09/11/2022,8:00,17:00
34,10/11/2022,8:00,17:00
34,11/11/2022,8:00,17:00
34,11/14/2022,8:00,17:00
34,11/15/2022,8:00,17:00
34,11/16/2022,8:00,17:00
34,11/17/2022,8:00,17:00
34,11/18/2022,8:00,17:00
34,11/21/2022,8:00,17:00
34,11/22/2022,8:00,17:00
34,11/23/2022,8:00,17:00
34,11/24/2022,8:00,17:00
34,11/25/2022,8:00,17:00
34,11/28/2022,8:00,17:00
34,11/29/2022,8:00,17:00
34,11/30/2022,0:00,0:00
34,01/12/2022,8:00,17:00
34,02/12/2022,8:00,17:00
34,05/12/2022,8:00,17:00
34,06/12/2022,8:00,17:00
34,07/12/2022,8:00,17:00
34,08/12/2022,0:00,0:00
34,09/12/2022,8:00,17:00
34,12/12/2022,8:00,17:00
34,12/13/2022,8:00,17:00
34,12/14/2022,8:00,17:00
34,12/15/2022,8:00,17:00
34,12/16/2022,8:00,17:00
34,12/19/2022,8:00,17:00
34,12/20/2022,8:00,17:00
34,12/21/2022,8:00,17:00
34,12/22/2022,8:00,17:00
34,12/23/2022,8:00,17:00
34,12/26/2022,8:00,17:00
34,12/27/2022,8:00,17:00
34,12/28/2022,8:00,17:00
34,12/29/2022,8:00,17:00
34,12/30/2022,0:00,0:00